Japan,South Korea,China,India,Qatar,UAE,Australia,Saudi Arabia,France,England,Spain,Italy,Germany,Russia,Brazil,Argentina,Morocco,Egypt,South Africa,Mexico,USA
International Stadium,Olympic Stadium,Guangdong Olympic Stadium,Vivekananda Yuba Bharati Krirangan,Lusail Iconic Stadium,Zayed Sports City Stadium,MCG,King Fahd International Stadium,Stade de France,Wembley Stadium,Camp Nou,San Siro,Westfalenstadion,Luzhniki Stadium,Maracana,Monumental Antonio V Liberti,Stade Mohamed V,Borg El Arab Stadium,FNB Stadium,Estadio Azteca,Michigan Stadium
72370,69950,80100,85000,80000,44300,100100,67000,81400,90000,99400,80000,81400,81000,78800,70100,67000,86000,94700,81100,107600
Yokohama,Seoul,Guangzhou,Kolkata,Lusail,Abu Dhabi,Melbourne,Riyadh,Paris,London,Barcelona,Milan,Dortmund,Moscow,Rio De Janiero,Buenos Aires,Casblanca,Borg El Arab,Johannesburg,Mexico City,Ann Arbor
"https://earth.google.com/web/search/International+Stadium+Yokohama,+3300+Kozukue-cho,+Kohoku+Ward,+Yokohama,+Kanagawa,+Japan/@35.5099461,139.6063937,15.2649658a,941.66184994d,35y,0h,45t,0r/data=CsUBGpoBEpMBCiUweDYwMTg1OTJhMzNkY2VmZjc6MHhiYzcwZGEwZTA1ZTQzMzI4GYMc7-lFwUFAIQPAwpNnc2FAKlhJbnRlcm5hdGlvbmFsIFN0YWRpdW0gWW9rb2hhbWEsIDMzMDAgS296dWt1ZS1jaG8sIEtvaG9rdSBXYXJkLCBZb2tvaGFtYSwgS2FuYWdhd2EsIEphcGFuGAIgASImCiQJydJvXf20NEAR8U7wBlmtNEAZ1pc6U7rdWcAhayUy4zPgWcAoAg","https://earth.google.com/web/search/Olympic+Stadium,+Olympic-ro,+Jamsil+2(i)-dong,+Songpa-gu,+Seoul,+South+Korea/@37.5158554,127.0727661,13.86967668a,919.83577964d,35y,0h,45t,0r/data=CrkBGo4BEocBCiUweDM1N2NhNDUwODc5YWRjY2Q6MHg3NzAxYmQ4NGYyOGM3ZjY4GYU7vIwHwkJAIXrwJDOoxF9AKkxPbHltcGljIFN0YWRpdW0sIE9seW1waWMtcm8sIEphbXNpbCAyKGkpLWRvbmcsIFNvbmdwYS1ndSwgU2VvdWwsIFNvdXRoIEtvcmVhGAIgASImCiQJ36GfhlUrQ0AR4mN7KAoqQ0AZEXqwyIueYUAhnYVOLyGeYUAoAg","https://earth.google.com/web/search/Guangdong+Olympic+Sports+Center,+Huanchang+Road,+Tianhe+District,+Guangzhou,+Guangdong+Province,+China/@23.13758903,113.40379672,12.74866254a,907.66093526d,35y,-48.64624075h,44.99883334t,-0r/data=CtMBGqgBEqEBCiUweDM0MDMwMWI4MTQ3NzU0Yjk6MHhmOGUxMDEwZDBiYWQzZjk2GeIftvRoIjdAIXSXxFkRWlxAKmZHdWFuZ2RvbmcgT2x5bXBpYyBTcG9ydHMgQ2VudGVyLCBIdWFuY2hhbmcgUm9hZCwgVGlhbmhlIERpc3RyaWN0LCBHdWFuZ3pob3UsIEd1YW5nZG9uZyBQcm92aW5jZSwgQ2hpbmEYASABIiYKJAkqTqWRCSQ3QBFTvmRf6CE3QBmPvJHLrlpcQCH1VWI-61lcQA","https://earth.google.com/web/search/Vivekananda+Yuba+Bharati+Krirangan,+JB+Block,+Sector+III,+Bidhannagar,+Kolkata,+West+Bengal,+India/@22.5690538,88.4090443,4.13827419a,1096.25254851d,35y,0h,45t,0r/data=Cs8BGqQBEp0BCiUweDNhMDI3NWQyMzRmOWExMGY6MHgyNjk2ODYzNTE2MzAyYTdjGR6qhIKtkTZAIV_HJMgtGlZAKmJWaXZla2FuYW5kYSBZdWJhIEJoYXJhdGkgS3JpcmFuZ2FuLCBKQiBCbG9jaywgU2VjdG9yIElJSSwgQmlkaGFubmFnYXIsIEtvbGthdGEsIFdlc3QgQmVuZ2FsLCBJbmRpYRgCIAEiJgokCTJW-lPSvDZAETrHj5jruTZAGUPObkQJGVZAITpCVck_GFZAKAI","https://earth.google.com/web/search/Lusail+stadium,+%d9%84%d9%88%d8%b3%d9%8a%d9%84%d8%8c%d8%8c+Qatar/@25.4207391,51.4903685,4.69635626a,1066.30732874d,35y,0h,45t,0r/data=Co8BGmUSXwolMHgzZTQ1ZTc0YzJmMzc1NmU5OjB4Njc1MTI4ZWQxOTEyZmJjORkCpsKOtWs5QCGJPh9lxL5JQCokTHVzYWlsIHN0YWRpdW0sINmE2YjYs9mK2YTYjNiMIFFhdGFyGAIgASImCiQJ3bBG7OhOVEARqq5xpnPRTUAZ2f7Fwg1yY0AhFY_pkXbIVkAoAg","https://earth.google.com/web/search/Zayed+Sports+City+-+Airport+Road+-+Abu+Dhabi+-+United+Arab+Emirates/@24.415811,54.4543442,4.68473934a,1076.09376561d,35y,0h,45t,0r/data=Cq8BGoQBEn4KJTB4M2U1ZTQyMTU4YjFmYjdlZDoweDE5NTcwMmFjNGQ2NDE3ZjMZKlH2lnJqOEAhShBk8yc6S0AqQ1pheWVkIFNwb3J0cyBDaXR5IC0gQWlycG9ydCBSb2FkIC0gQWJ1IERoYWJpIC0gVW5pdGVkIEFyYWIgRW1pcmF0ZXMYAiABIiYKJAk1DHRyQD05QBEC99iLYTo5QBlLPZqzI8VJQCEjtMtVlsNJQCgC","https://earth.google.com/web/search/Melbourne+Cricket+Ground,+Brunton+Avenue,+Richmond+VIC,+Australia/@-37.8199669,144.9834493,8.46537174a,918.49670583d,35y,0h,45t,0r/data=Cq0BGoIBEnwKJTB4NmFkNjQyOTU1NzFhNjI4MToweDYzNTc1ZmQ2NDdhMGIyZjkZuKblrPToQsAhxZiqangfYkAqQU1lbGJvdXJuZSBDcmlja2V0IEdyb3VuZCwgQnJ1bnRvbiBBdmVudWUsIFJpY2htb25kIFZJQywgQXVzdHJhbGlhGAIgASImCiQJsbssrVVLOUARAdsaWk9JOUAZAMvWtBCtS0Ahtl3B1qerS0AoAg","https://earth.google.com/web/search/King+Fahd+International+Airport,+King+Fahd+Rd%d8%8c+Dammam+Saudi+Arabia/@26.4683247,49.7972482,37.02754226a,933.91157801d,35y,0h,45t,0r/data=Cq8BGoQBEn4KJTB4M2UzNWUyNDFmMzMwYzk0YjoweGEwZTQzOWViZWNjN2UzODIZtWimIOR3OkAhvuWgOgzmSEAqQ0tpbmcgRmFoZCBJbnRlcm5hdGlvbmFsIEFpcnBvcnQsIEtpbmcgRmFoZCBSZNiMIERhbW1hbSBTYXVkaSBBcmFiaWEYAiABIiYKJAlRRa1PU99BQBFXutxA2d1BQBlztiKjbGoXwCG0VLq14HgXwCgC","https://earth.google.com/web/search/Stade+de+France,+Saint-Denis,+France/@48.9244592,2.3601645,30.00864766a,761.99628374d,35y,0h,45t,0r/data=Co8BGmUSXwolMHg0N2U2NmViYWRkMjI2M2JmOjB4NzBjMDRmNzEwOTE1NjMxMRlAPtetVHZIQCEIceXsneECQCokU3RhZGUgZGUgRnJhbmNlLCBTYWludC1EZW5pcywgRnJhbmNlGAIgASImCiQJUAinCKjCQkARmAdOyLXBQkAZQcFQ-OjEX0AhGboajSTEX0AoAg","https://earth.google.com/web/search/Wembley+Stadium,+London/@51.5560247,-0.2796177,-420a,627.11627554d,35y,0h,45t,0r/data=CoIBGlgSUgolMHg0ODc2MTE4MWQ1N2E4NzZkOjB4YTY0ZjlmMTg1ZGU4ZTA5NxlUIj_RK8dJQCHMfjijQeXRvyoXV2VtYmxleSBTdGFkaXVtLCBMb25kb24YAiABIiYKJAnQyGbbLi4-QBGCtgZaACw-QBm5dqucG3E_QCGiWoUptm0_QCgC","https://earth.google.com/web/search/Camp+Nou,+Carrer+d%27Ar%c3%adstides+Maillol,+Barcelona,+Spain/@41.380896,2.1228198,34.42765355a,769.02894496d,35y,0h,45t,0r/data=CqIBGngScgolMHgxMmE0OThmNTc2Mjk3YmFmOjB4NDRmNjUzMzBmZTFiMDRiORmvljszwbBEQCH7aILyiPsAQCo3Q2FtcCBOb3UsIENhcnJlciBkJ0Fyw61zdGlkZXMgTWFpbGxvbCwgQmFyY2Vsb25hLCBTcGFpbhgCIAEiJgokCWRY2mXR40pAESW-Dg_x4kpAGVsrN7pYB_m_IS7g2tr1O_m_KAI","https://earth.google.com/web/search/San+Siro+Stadium,+Piazzale+Angelo+Moratti,+Milan,+Metropolitan+City+of+Milan,+Italy/@45.4781236,9.123962,123.26954118a,807.69977294d,35y,0h,45t,0r/data=Cr8BGpQBEo0BCiQweDQ3ODZjMTkzZmEyM2YxOWQ6MHg5YzdkMzBjN2FlZmYzMTIZD7l0JzO9RkAhvOR_8nc_IkAqU1NhbiBTaXJvIFN0YWRpdW0sIFBpYXp6YWxlIEFuZ2VsbyBNb3JhdHRpLCBNaWxhbiwgTWV0cm9wb2xpdGFuIENpdHkgb2YgTWlsYW4sIEl0YWx5GAIgASImCiQJqAlgWyO-RkARLRH_Y0-8RkAZsL7qeKFFIkAhylsQyk88IkAoAg","https://earth.google.com/web/search/Westfalenstadion,+Strobelallee,+Dortmund,+Germany/@51.4925888,7.4518574,-420a,628.05888152d,35y,0h,45t,0r/data=CpwBGnISbAolMHg0N2I5MTlkMzkyMzBkNjBmOjB4OGZkOWMxOTVhZDAyZWRkZhkdMFkmDb9JQCGG0s20s84dQCoxV2VzdGZhbGVuc3RhZGlvbiwgU3Ryb2JlbGFsbGVlLCBEb3J0bXVuZCwgR2VybWFueRgCIAEiJgokCWOxzo44okVAERfjJBYBoUVAGapbRs9shgfAIVWn35YBoQfAKAI","https://earth.google.com/web/search/Luzhniki+Stadium,+ulitsa+Luzhniki,+Moscow,+Russia/@55.715762,37.5537157,126.10835984a,563.99104667d,35y,0h,45t,0r/data=CpwBGnISbAolMHg0NmI1NGI4NzE5MzM2ZjBmOjB4NjViODNlNjc0MTQzMDc4Mhka3NYWnttLQCEQZPMn4MZCQCoxTHV6aG5pa2kgU3RhZGl1bSwgdWxpdHNhIEx1emhuaWtpLCBNb3Njb3csIFJ1c3NpYRgCIAEiJgokCePtOUyHy0pAEesBVRGXykpAGU5LilDezSNAIZ4tdqU8yCNAKAI","https://earth.google.com/web/search/Maracana+Stadium+-+Avenida+Presidente+Castelo+Branco+-+Maracan%c3%a3,+Rio+de+Janeiro+-+State+of+Rio+de+Janeiro,+Brazil/@-22.9121089,-43.2301558,11.35179771a,963.97968267d,35y,0h,45t,0r/data=Ct0BGrIBEqsBCiMweDk5N2U1ZGJhODg4YjBkOjB4ZjVmMzMxODhlZTYyNzRlNRn64wf4f-k2wCEL_si-dZ1FwCpyTWFyYWNhbmEgU3RhZGl1bSAtIEF2ZW5pZGEgUHJlc2lkZW50ZSBDYXN0ZWxvIEJyYW5jbyAtIE1hcmFjYW7DoywgUmlvIGRlIEphbmVpcm8gLSBTdGF0ZSBvZiBSaW8gZGUgSmFuZWlybywgQnJhemlsGAIgASImCiQJKOELYQekSkARf4uPrMaiSkAZjVGghPgfSUAh6hZRxAweSUAoAg","https://earth.google.com/web/search/Estadio+Monumental+Antonio+Vespucio+Liberti,+Avenida+Presidente+Figueroa+Alcorta,+Buenos+Aires,+Argentina/@-34.5453062,-58.4497749,7.97581683a,851.85531501d,35y,0h,45t,0r/data=CtYBGqsBEqQBCiUweDk1YmNiNDNhZTYwMThkZGY6MHgzZDdmNjBhNzViZmEzMDhhGSyn85fMRUHAIeQHUzmSOU3AKmlFc3RhZGlvIE1vbnVtZW50YWwgQW50b25pbyBWZXNwdWNpbyBMaWJlcnRpLCBBdmVuaWRhIFByZXNpZGVudGUgRmlndWVyb2EgQWxjb3J0YSwgQnVlbm9zIEFpcmVzLCBBcmdlbnRpbmEYAiABIiYKJAmCfQ4NYQsgwBEBrZFVHBIgwBkNXfbU8XBBwCHBH8vMonJBwCgC","https://earth.google.com/web/search/Stadium+Mohamed+V,+Complexe+Med+V,+Casablanca,+Morocco/@33.5827953,-7.6467228,26.99079058a,977.0769003d,35y,0h,45t,0r/data=Cp8BGnUSbwojMHhkYTdkMmU3N2YzZDhhYWY6MHg5MTY5YjEwYTgzZTUzYWIZmuFQCZnKQEAhaU9ugD6WHsAqNlN0YWRpdW0gTW9oYW1lZCBWLCBDb21wbGV4ZSBNZWQgViwgQ2FzYWJsYW5jYSwgTW9yb2NjbxgCIAEiJgokCUTVHxqPr0BAEQMwj-K2rkBAGUYoo9uRTB7AIVRchLFaVR7AKAI","https://earth.google.com/web/search/Borg+El+Arab+Stadium,+Cairo+-+Borg+El-Arab+Desert+Road,+Ekeingy+Maryout+(Sharq+WA+Gharb),+Al+Amaria+First,+Egypt/@30.99969868,29.72987658,11.99953326a,1013.19920684d,35y,6.97799106h,57.318188t,0r/data=CogBGl4SWAolMHgxNGY1OGQ4ZjMzNTFhY2MzOjB4ZjgxMTc2YmM1ZTA3NzNkNCovQm9yZyBFbCBBcmFiIFN0YWRpdW0K2LPYqtin2K8g2KjYsdisINin2YTYudix2KgYAiABIiYKJAmGyawftfA-QBF2n22xue0-QBkyYGwtXbM9QCEeyjG06a89QA","https://earth.google.com/web/search/FNB+Stadium,+Soccer+City+Ave,+Nasrec,+Johannesburg,+South+Africa/@-26.2347585,27.98265626,1689.74887893a,1101.03387177d,35y,-27.09020956h,30.82635334t,0r/data=CqwBGoEBEnsKJTB4MWU5NTA5MGQ0NDc1N2VjYjoweDEyODkyZTliMzNmNjVhMTQZpQI4Bxk8OsAh4DzmTY_7O0AqQEZOQiBTdGFkaXVtLCBTb2NjZXIgQ2l0eSBBdmUsIE5hc3JlYywgSm9oYW5uZXNidXJnLCBTb3V0aCBBZnJpY2EYAiABIiYKJAnmOQSM5FBBwBEfn1LDMlJBwBlMZItIl0FNwCH_1ZstKUNNwA","https://earth.google.com/web/search/Estadio+Azteca,+Calzada+de+Tlalpan,+Sta.+%c3%9arsula+Coapa,+Mexico+City,+CDMX,+Mexico/@19.3028607,-99.1505277,2241.458328a,1110.82342983d,35y,0h,45t,0r/data=Cr4BGpMBEowBCiUweDg1Y2UwMDUyMDgwMTA5MTk6MHg5NzYxZWU2OTUxOTBiNjk0GWG-YUeITTNAIRgp7z6iyVjAKlFFc3RhZGlvIEF6dGVjYSwgQ2FsemFkYSBkZSBUbGFscGFuLCBTdGEuIMOacnN1bGEgQ29hcGEsIE1leGljbyBDaXR5LCBDRE1YLCBNZXhpY28YAiABIiYKJAlEUo0FSHhJQBFAqwW4b21JQBnAoYBSzjP0vyHREhtW_jv2vygC","https://earth.google.com/web/search/Michigan+Stadium,+South+Main+Street,+Ann+Arbor,+MI,+USA/@42.2658365,-83.7486956,254.1509599a,757.50763895d,35y,0h,45t,0r/data=CqIBGngScgolMHg4ODNjYWUzM2FlYTBkZjRkOjB4ZDcwMDA4YjZjYzUwZDNhZBmjyjDuBiJFQCEuKvOg6u9UwCo3TWljaGlnYW4gU3RhZGl1bSwgU291dGggTWFpbiBTdHJlZXQsIEFubiBBcmJvciwgTUksIFVTQRgCIAEiJgokCYOZVKdV80DAEQGh3k3B9EDAGesbJF8wazJAIeLH-NrFZzJAKAI"
New National Stadium,Seoul World Cup Stadium,National Stadium,Kaloor Staduim,Education City Stadium,The Sevens Stadium,Stadium Australia,King Abdullah Sports City Stadium,Stade Velodrome,Old Trafford,Santiago Bernabeu,Stadio Olimpico,Allianz Arena,Krestovsky Stadium,Mane Garrincha,Mario Alberto Kempes,Prince Moulay Abdellah Stadium,Cairo International Stadium,Ellis Park Stadium,Olimpico Universitario,Ohio Stadium
68000,66700,80000,60100,45400,44000,83500,62300,67400,75600,81000,70100,75000,67000,72800,57000,52000,75000,62600,58500,102300
"Shinjuku, Tokyo",Seoul,Beijing,Kochi,Doha,Dubai,Sydney,Jeddah,Marseille,Manchester,Madrid,Rome,Munich,Saint Petersburg,Brasilia,Cordoba,Rabat,Cairo,Johannesburg,Mexico City,Columbus
"https://earth.google.com/web/search/New+National+Stadium,+10-1+Kasumigaokamachi,+Shinjuku+City,+Tokyo,+Japan/@35.6778952,139.7145468,22.68318627a,939.47273235d,35y,0h,45t,0r/data=CrUBGooBEoMBCiUweDYwMTg4ZDg5YWFkZmNhNGQ6MHhkODQ2ZWU3NjljYTY4OThlGcUOGUXF1kFAIcQuQJHddmFAKkhOZXcgTmF0aW9uYWwgU3RhZGl1bSwgMTAtMSBLYXN1bWlnYW9rYW1hY2hpLCBTaGluanVrdSBDaXR5LCBUb2t5bywgSmFwYW4YAiABIiYKJAmifuqGscFBQBG_L93kxcBBQBlbukW5hHNhQCHQ44aLK3NhQCgC","https://earth.google.com/web/search/Seoul+World+Cup+Stadium,+Woldeukeom-ro,+Seongsan-dong,+Mapo-gu,+Seoul,+South+Korea/@37.5682588,126.8972774,15.2650192a,919.12013876d,35y,0h,45t,0r/data=Cr8BGpQBEo0BCiUweDM1N2M5OTE2Mjk3NWEyZjE6MHg2ODBkZTAzZjdhZGM0MTU1GQTVULS8yEJAISccMP5suV9AKlJTZW91bCBXb3JsZCBDdXAgU3RhZGl1bSwgV29sZGV1a2VvbS1ybywgU2VvbmdzYW4tZG9uZywgTWFwby1ndSwgU2VvdWwsIFNvdXRoIEtvcmVhGAIgASImCiQJ7lwl33DCQkAR5gZj4TTBQkAZF88A9-rEX0AhCB4OiiLEX0AoAg","https://earth.google.com/web/search/National+Stadium,+National+Stadium+South+Road,+Chaoyang,+China/@39.99126435,116.39040602,44.50758046a,858.30590621d,35y,148.4355368h,44.99979593t,0r/data=CqkBGn8SeQolMHgzNWYwNTRjNDA3MDA4Yzg3OjB4ZWUzNWM5ZDdmNWUzODdiNhn5pG7CGP9DQCHaH4NwYBldQCo-TmF0aW9uYWwgU3RhZGl1bSwgTmF0aW9uYWwgU3RhZGl1bSBTb3V0aCBSb2FkLCBDaGFveWFuZywgQ2hpbmEYASABIiYKJAnx6odJ0SQ3QBEYEHsTbCI3QBk3jA8CEVpcQCE0BUFuZVlcQA","https://earth.google.com/web/search/Jawaharlal+Nehru+Stadium,+Stadium+Road,+Jawaharlal+Nehru+International+Stadium,+Kaloor,+Kochi,+Kerala,+India/@9.9972822,76.300723,3.48302677a,1178.73527101d,35y,0h,45t,0r/data=CtkBGq4BEqcBCiUweDNiMDgwZDE2NmQzYTk4ZTM6MHhjOGIyZjRkOGVhZTVjYWNkGQ_Ew8Wb_iNAIeuJrgs_E1NAKmxKYXdhaGFybGFsIE5laHJ1IFN0YWRpdW0sIFN0YWRpdW0gUm9hZCwgSmF3YWhhcmxhbCBOZWhydSBJbnRlcm5hdGlvbmFsIFN0YWRpdW0sIEthbG9vciwgS29jaGksIEtlcmFsYSwgSW5kaWEYAiABIiYKJAn6WgRSCQAkQBH4HQOQ-fsjQBkULzcecxNTQCE0qd_U5hJTQCgC","https://earth.google.com/web/search/Education+City+Stadium,+Ar-Rayyan,+Qatar/@25.3107787,51.4244329,8.45686329a,1067.39530296d,35y,0h,45t,0r/data=CpMBGmkSYwolMHgzZTQ1ZGY2NmE0NjNjODNiOjB4NTcyOWFkMzZmZmY4N2M1Nxkcy2Axj085QCFYbDjRU7ZJQCooRWR1Y2F0aW9uIENpdHkgU3RhZGl1bSwgQXItUmF5eWFuLCBRYXRhchgCIAEiJgokCcxSNXJlUTlAEYz-Ux98TjlAGdZJYC__uElAIYPrquGSt0lAKAI","https://earth.google.com/web/search/The+Sevens+Stadium+-+Dubai+-+United+Arab+Emirates/@24.9947022,55.4651618,88.15291965a,1070.49926141d,35y,0h,45t,0r/data=CpwBGnISbAolMHgzZTVmN2U3NDgwNTM2ZDRkOjB4OTdiODlhNjNjOWE1MDJmZRleQqrNpP44QCGbLP9rirtLQCoxVGhlIFNldmVucyBTdGFkaXVtIC0gRHViYWkgLSBVbml0ZWQgQXJhYiBFbWlyYXRlcxgCIAEiJgokCf4R00hkazhAEX8ZoW6aaDhAGTWBS-mOOktAIZgrawRhOUtAKAI","https://earth.google.com/web/search/Melbourne+Rectangular+Stadium,+Olympic+Boulevard,+Melbourne+VIC,+Australia/@-37.825132,144.983782,9.08367338a,918.42553679d,35y,0h,45t,0r/data=CrcBGowBEoUBCiUweDZhZDY0Mjk2MThlMjBmNjk6MHg5NzhjYThhOTAzN2Q0NzczGQhx5eyd6ULAIZeMYyR7H2JAKkpNZWxib3VybmUgUmVjdGFuZ3VsYXIgU3RhZGl1bSwgT2x5bXBpYyBCb3VsZXZhcmQsIE1lbGJvdXJuZSBWSUMsIEF1c3RyYWxpYRgCIAEiJgokCWUB_b6I6ELAERug_C3K6ULAGfna1oCXH2JAIY7j93M7H2JAKAI","https://earth.google.com/web/search/King+Abdullah+Sports+City,+%d8%b7%d8%b1%d9%8a%d9%82+%d8%a7%d9%84%d8%a3%d9%85%d9%8a%d8%b1+%d8%b7%d9%84%d8%a7%d9%84+%d8%a8%d9%86+%d9%85%d9%86%d8%b5%d9%88%d8%b1+%d8%a8%d9%86+%d8%b9%d8%a8%d8%af%d8%a7%d9%84%d8%b9%d8%b2%d9%8a%d8%b2%d8%8c+Jeddah+Saudi+Arabia/@21.763245,39.1643229,9.70154776a,972.85159401d,35y,0h,45t,0r/data=CuMBGrgBErEBCiQweDE1YzE3Y2I3ZmQwNmEwMmQ6MHg1OGE3NzA1MTMxYmQ3ZDkZ5NU5BmTDNUAh771kiAiVQ0Aqd0tpbmcgQWJkdWxsYWggU3BvcnRzIENpdHksINi32LHZitmCINin2YTYo9mF2YrYsSDYt9mE2KfZhCDYqNmGINmF2YbYtdmI2LEg2KjZhiDYudio2K_Yp9mE2LnYstmK2LLYjCBKZWRkYWggU2F1ZGkgQXJhYmlhGAIgASImCiQJ3Y1t7ch4OkARFL-j2-91OkAZzmt17h7nSEAh5Aah8YLlSEAoAg","https://earth.google.com/web/search/Stade+V%c3%a9lodrome,+Boulevard+Michelet,+Marseille,+France/@43.269827,5.3958873,6.63852856a,852.83569317d,35y,0h,45t,0r/data=CqIBGngScgolMHgxMmM5YjhhNzc4YTcxYzE5OjB4ZjMwYWU1NmNjM2Y0ZGMxZRn1Se6wiaJFQCFim_l6Y5UVQCo3U3RhZGUgVsOpbG9kcm9tZSwgQm91bGV2YXJkIE1pY2hlbGV0LCBNYXJzZWlsbGUsIEZyYW5jZRgCIAEiJgokCXMOMGYZakhAEY7-yRz_aEhAGasnV-U3WgNAIZWyNY0lRANAKAI","https://earth.google.com/web/search/Old+Trafford,+Sir+Matt+Busby+Way,+Old+Trafford,+Stretford,+Manchester/@53.4630589,-2.2913401,24.33894632a,598.48880417d,35y,0h,45t,0r/data=CrIBGocBEoABCiUweDQ4N2JhZTcyZTdlNDdmNjk6MHg2YzkzMGU5NmRmNDQ1NWZlGZXPl4NFu0pAIWEbTB6qVALAKkVPbGQgVHJhZmZvcmQsIFNpciBNYXR0IEJ1c2J5IFdheSwgT2xkIFRyYWZmb3JkLCBTdHJldGZvcmQsIE1hbmNoZXN0ZXIYAiABIiYKJAkwpqSOgsdJQBEVKi0idsZJQBl0zqZ9z07RvyG0-rESsCTSvygC","https://earth.google.com/web/search/Santiago+Bernab%c3%a9u+Stadium,+Avenida+de+Concha+Espina,+Madrid,+Spain/@40.4530387,-3.6883337,1895.38595307a,780.9220081d,35y,0h,45t,0r/data=Cq4BGoMBEn0KJDB4ZDQyMjhlMjM3MDVkMzlmOjB4YThmZmY2ZDI2ZTJiMTk4OBlDKRAs_TlEQCGd4FEZtYENwCpDU2FudGlhZ28gQmVybmFiw6l1IFN0YWRpdW0sIEF2ZW5pZGEgZGUgQ29uY2hhIEVzcGluYSwgTWFkcmlkLCBTcGFpbhgCIAEiJgokCZHTQWossURAEVYWzmDbr0RAGWC3pxStBAFAIWoqzYyB6ABAKAI","https://earth.google.com/web/search/Stadio+Olimpico,+Viale+dei+Gladiatori,+Rome,+Metropolitan+City+of+Rome,+Italy/@41.934077,12.454725,15.2649711a,861.96725216d,35y,0h,45t,0r/data=CroBGo8BEogBCiUweDEzMmY2MGJjM2RiMzA4ODU6MHg3OTFjMjFjZTkxOTYwNjE3GQ95y9WP90RAIeJYF7fR6ChAKk1TdGFkaW8gT2xpbXBpY28sIFZpYWxlIGRlaSBHbGFkaWF0b3JpLCBSb21lLCBNZXRyb3BvbGl0YW4gQ2l0eSBvZiBSb21lLCBJdGFseRgCIAEiJgokCbjawNkr90RAESr6gHiC80RAGQhvUHY87ChAIcOWoKuj3ShAKAI","https://earth.google.com/web/search/Allianz+Arena,+Werner-Heisenberg-Allee,+Munich,+Germany/@48.218764,11.6247555,2840.90133838a,675.79876748d,35y,0h,45t,0r/data=CqIBGngScgolMHg0NzllNzM4NTEyOGEyNTFmOjB4ZWQ0ZDYwNDI4ZTMyYzQyMxllxXB1ABxIQCEE_vDz3z8nQCo3QWxsaWFueiBBcmVuYSwgV2VybmVyLUhlaXNlbmJlcmctQWxsZWUsIE11bmljaCwgR2VybWFueRgCIAEiJgokCeo6Wfffv0lAEd0m5tOxvklAGTqc73Ar0x1AIfzcEnQQxB1AKAI","https://earth.google.com/web/search/Gazprom+Arena,+Futbol%27naya+Alleya,+Saint+Petersburg,+Russia/@59.972728,30.2214045,5.37316528a,497.04120313d,35y,0h,45t,0r/data=CqYBGnwSdgolMHg0Njk2MzZlY2MwYjIzMDI5OjB4Mzg1OTQyYjU5ZTQ4OGI4OBml8-FZgvxNQCHurx73rTg-QCo7R2F6cHJvbSBBcmVuYSwgRnV0Ym9sJ25heWEgQWxsZXlhLCBTYWludCBQZXRlcnNidXJnLCBSdXNzaWEYAiABIiYKJAkVPw8M4ttLQBGqB95Tu9pLQBkA3a5HWchCQCFONmtaSsZCQCgC","https://earth.google.com/web/search/SRPN+Man%c3%a9+Garrincha+Stadium+-+North+Wing,+Brasilia+-+Federal+District,+Brazil/@-15.7835191,-47.899211,1108.89003634a,1012.11118514d,35y,0h,45t,0r/data=CrsBGpABEokBCiUweDkzNWEzYWY1ZWViNzU5Mzc6MHhmZDZlOWFhMjM5YTMwNzViGSyVXGopkS_AIQuallgZ80fAKk5TUlBOIE1hbsOpIEdhcnJpbmNoYSBTdGFkaXVtIC0gTm9ydGggV2luZywgQnJhc2lsaWEgLSBGZWRlcmFsIERpc3RyaWN0LCBCcmF6aWwYAiABIiYKJAkl6m7Vbeg2wBE6uHNtnes2wBkQXNVS4JxFwCEL3O7Fm55FwCgC","https://earth.google.com/web/search/Mario+Alberto+Kempes+Stadium,+Av.+C%c3%a1rcano,+Chateau+Carreras,+Cordoba,+Argentina/@-31.3688642,-64.246113,415.02049584a,886.30395276d,35y,0h,45t,0r/data=Cr0BGpIBEosBCiUweDk0MzI5ZWNjNDUxNmVlNDk6MHg1MmI5N2EyYjRkMzY5OWJmGUqqW-JtXj_AIbWHvVDAD1DAKlBNYXJpbyBBbGJlcnRvIEtlbXBlcyBTdGFkaXVtLCBBdi4gQ8OhcmNhbm8sIENoYXRlYXUgQ2FycmVyYXMsIENvcmRvYmEsIEFyZ2VudGluYRgCIAEiJgokCaReaPoGRUHAEU_Qi3BSRkHAGYQsoPMZOU3AIWl0NxeAOk3AKAI","https://earth.google.com/web/search/Complexe+Sportif+Prince+Moulay+Abdellah,+Rabat,+Morocco/@33.959417,-6.890025,45.4233651a,972.31063211d,35y,0h,45t,0r/data=CqEBGncScQokMHhkYTc2ZDMzMzgxZTE3MTU6MHhhNDhlN2E0ZDIwNWIwN2YxGfwcHy3O-kBAIVZ9rrZijxvAKjdDb21wbGV4ZSBTcG9ydGlmIFByaW5jZSBNb3VsYXkgQWJkZWxsYWgsIFJhYmF0LCBNb3JvY2NvGAIgASImCiQJpbiLicbIQEAR1FuMTFjHQEAZmKJvNa4iHsAhcCvK8hQtHsAoAg","https://earth.google.com/web/search/Cairo+International+Stadium,+Street%d8%8c+Al+Estad,+Nasr+City,+Egypt/@30.0691259,31.3124064,36.90494412a,899.6025553d,35y,0h,45t,0r/data=CqwBGoEBEnsKJTB4MTQ1ODNlNGNmYmQxNTkyZDoweGM5MDUxMGQ0OGVlNmNjYTQZe84nPLIRPkAhow-n3flPP0AqQENhaXJvIEludGVybmF0aW9uYWwgU3RhZGl1bSwgU3RyZWV02IwgQWwgRXN0YWQsIE5hc3IgQ2l0eSwgRWd5cHQYAiABIiYKJAmfWU6j8QI_QBGOH1Ng8_4-QBmKrqxiuL09QCG9Z27fw7g9QCgC","https://earth.google.com/web/search/Ellis+Park+Stadium,+South+Park+Lane,+New+Doornfontein,+Johannesburg,+South+Africa/@-26.1975466,28.0608802,1703.91780658a,936.33690772d,35y,0h,45t,0r/data=Cr4BGpMBEowBCiUweDFlOTUwZTgxODc4NGU2ZTM6MHg1ZmY3NTQ0YjQxMGE1NWE2GZ1v-mmSMjrAIVT5Q9iVDzxAKlFFbGxpcyBQYXJrIFN0YWRpdW0sIFNvdXRoIFBhcmsgTGFuZSwgTmV3IERvb3JuZm9udGVpbiwgSm9oYW5uZXNidXJnLCBTb3V0aCBBZnJpY2EYAiABIiYKJAl-uaVkYDU6wBEYaEHhNT06wBnoermwLv47QCFs1R4-0fQ7QCgC","https://earth.google.com/web/search/Estadio+Ol%c3%admpico+Universitario,+Avenida+de+los+Insurgentes+Sur,+University+City,+Mexico+City,+CDMX,+Mexico/@19.3319125,-99.1921777,2288.14087648a,1110.60140208d,35y,0h,45t,0r/data=CtgBGq0BEqYBCiUweDg1Y2RmZmZlNWNmZGQ1Y2Y6MHhiODcyMjFlZjY1ODAwNGUyGTOitDf4VDNAIVAhsqNMzFjAKmtFc3RhZGlvIE9sw61tcGljbyBVbml2ZXJzaXRhcmlvLCBBdmVuaWRhIGRlIGxvcyBJbnN1cmdlbnRlcyBTdXIsIFVuaXZlcnNpdHkgQ2l0eSwgTWV4aWNvIENpdHksIENETVgsIE1leGljbxgCIAEiJgokCQlMDxDLTjNAEfxsQ32bRzNAGW-6-ISnxljAIXqy48kiyVjAKAI","https://earth.google.com/web/search/Ohio+Stadium,+Woody+Hayes+Drive,+Columbus,+OH,+USA/@40.0016627,-83.0197277,290.78420182a,786.63704458d,35y,0h,45t,0r/data=Cp0BGnMSbQolMHg4ODM4OGU5NDAxZjI3ZjU1OjB4NGI0OTgzY2QxNjQ5OThhNRnAD717NgBEQCHRlPg3Q8FUwCoyT2hpbyBTdGFkaXVtLCBXb29keSBIYXllcyBEcml2ZSwgQ29sdW1idXMsIE9ILCBVU0EYAiABIiYKJAlRfyuWjiNFQBFvf-FnKSFFQBlLq49nNO9UwCEyiHxY__BUwCgC"
Saitama Stadium,Daegu Stadium,Workers Stadium,Nehru Commonwealth Stadium,Al-Bayt Stadium,Mohammed bin Zayed Stadium,Optus Stadium,Prince Mohamed bin Fahd Stadium,Parc Olympique Lyonnais,Tottenham Hotspur Stadium,Wanda Metrapolitano Stadium,Stadio San Nicola,Olympiastadion Berllin,Volgograd Stadium,Estadio do Morumbi ,Presidente Juan Domingo Peron,Stade Adrar,Egyptian Army Stadium,Odi Stadium,Estadio Jalisco,Rose Bowl
63700,66400,66200,60000,60000,42000,60000,36000,59200,62900,68500,58300,74500,45600,72000,61000,45500,45000,60000,55000,94500
Saitama,Daegu ,Beijing,Delhi,Al Khor,Abu Dhabi,Perth,Dammam,Lyon,London,Madrid,Bari,Berlin,Volgograd,Sau Paulo,Buenos Aires,Agadir,Suez,Mabopane,Guadalajara,Pasadena
"https://earth.google.com/web/search/Saitama+Stadium,+%ef%bc%92%e4%b8%81%e7%9b%ae-%ef%bc%91+Misono,+Midori+Ward,+Saitama,+Japan/@35.9032089,139.7177042,7.22932289a,936.52327048d,35y,0h,45t,0r/data=Cq0BGoIBEnwKJDB4NjAxOGJmYzczOTRlNDEwMzoweDY4ZTQwZTU3NTUyNGFlNxliemdZnPNBQCF1Zsxu93ZhQCpCU2FpdGFtYSBTdGFkaXVtLCDvvJLkuIHnm64t77yRIE1pc29ubywgTWlkb3JpIFdhcmQsIFNhaXRhbWEsIEphcGFuGAIgASImCiQJweSJYVABQkARKo1uBhDpQUAZbu0I5SV4YUAhjEf2FGJxYUAoAg","https://earth.google.com/web/search/Daegu+Stadium,+Nobyeon-dong,+Daegu/@35.8298301,128.690203,102.27446914a,942.45282765d,35y,0h,45t,0r/data=Co0BGmMSXQolMHgzNTY2MDk4YWM4Yzk0ZDk3OjB4ODhiZTQ3MzYzNDNlYWU1YxlCXmrfN-pBQCE8E5okFhZgQCoiRGFlZ3UgU3RhZGl1bSwgTm9ieWVvbi1kb25nLCBEYWVndRgCIAEiJgokCVyttrEoyUJAEVHZm3tDyEJAGWMDvr6muV9AIbCES771uF9AKAI","https://earth.google.com/web/search/Workers%27+Stadium+South+Gate,+Chaowai+Subdistrict,+Chaoyang,+China/@39.92968066,116.44182314,44.31815552a,1125.28876595d,35y,-91.97575155h,45.00148749t,0r/data=Cq0BGoIBEnwKJTB4MzVmMWFjZTg4MGNkZWNkNToweDY1MzczZGQxZmVjNWFhNDYZ7ICQ0ab2Q0AhalpzkYwcXUAqQVdvcmtlcnMnIFN0YWRpdW0gU291dGggR2F0ZSwgQ2hhb3dhaSBTdWJkaXN0cmljdCwgQ2hhb3lhbmcsIENoaW5hGAEgASImCiQJDGSPbkP_Q0AREkbLbwX-Q0AZltGMaXsZXUAh562YHcEYXUA","https://earth.google.com/web/search/delhi+football+stadium/@28.5828456,77.2343665,207.38451642a,1036.17454231d,35y,0h,45t,0r/data=CoABGlYSUAokMHgzOTBjZTJmOTMxNzhlYTg1OjB4NjM5ZDM4N2RjYjU4YzY5GRSehl41lTxAIcoxWdz_TlNAKhZkZWxoaSBmb290YmFsbCBzdGFkaXVtGAIgASImCiQJFHViLokDJEAR47Usppv8I0AZI49wIMQTU0Ahs3YW2RMTU0AoAg","https://earth.google.com/web/search/Al+Bayt+Stadium,+Al+Khor,+Qatar/@25.6522053,51.4878475,15.88312331a,1064.00347082d,35y,0h,45t,0r/data=CooBGmASWgolMHgzZTQ1Zjk4ZjdlMTllZTIzOjB4ZTdkN2Y4ZTlhYWZiMDI5MRkixzHt9qY5QCG693DJcb5JQCofQWwgQmF5dCBTdGFkaXVtLCBBbCBLaG9yLCBRYXRhchgCIAEiJgokCQ-jnBFyUDlAESaqVdzMTTlAGZq7wVUCt0lAIZprApjitUlAKAI","https://earth.google.com/web/search/Mohammed+Bin+Zayed+Stadium+-+Sultan+Bin+Zayed+The+First+Street+-+Abu+Dhabi+-+United+Arab+Emirates/@24.4527612,54.3921882,1.66850897a,1075.74017927d,35y,0h,45t,0r/data=Cs4BGqMBEpwBCiUweDNlNWU2ODYyZGRjZTNhYjk6MHhkMWZhYjdhZWZhNDIyZmU1GdDlcijoczhAIUVwEjkzMktAKmFNb2hhbW1lZCBCaW4gWmF5ZWQgU3RhZGl1bSAtIFN1bHRhbiBCaW4gWmF5ZWQgVGhlIEZpcnN0IFN0cmVldCAtIEFidSBEaGFiaSAtIFVuaXRlZCBBcmFiIEVtaXJhdGVzGAIgASImCiQJdQtmB5X_OEARjqo1-mT8OEAZMPOVFQ28S0AhIHOkSli6S0AoAg","https://earth.google.com/web/search/Optus+Stadium,+Victoria+Park+Drive,+Burswood+WA,+Australia/@-31.9511643,115.8890459,5.99305141a,994.42730528d,35y,0h,45t,0r/data=CqUBGnsSdQolMHgyYTMyYmIwNmVhMGM2Njk1OjB4OTRlMGM3OTYyOThjNjJkMxlrn-mAf_M_wCElScYg5vhcQCo6T3B0dXMgU3RhZGl1bSwgVmljdG9yaWEgUGFyayBEcml2ZSwgQnVyc3dvb2QgV0EsIEF1c3RyYWxpYRgCIAEiJgokCWGX0fo06ULAERZwEelu6kLAGdIu0UCwH2JAITvY_-5fH2JAKAI","https://earth.google.com/web/search/Prince+Mohamed+bin+Fahd+Stadium,+Prince+Mohammed+Bin+Fahd+Road,+Dammam+Saudi+Arabia/@26.427156,50.1141297,5.37490982a,934.28174194d,35y,0h,45t,0r/data=CsABGpUBEo4BCiUweDNlNDlmYjZlMzhmOWViNDc6MHhjYmZiNjdmMDljNDJhYzk0GUlKehhabTpAIUuAUM2bDklAKlNQcmluY2UgTW9oYW1lZCBiaW4gRmFoZCBTdGFkaXVtLCBQcmluY2UgTW9oYW1tZWQgQmluIEZhaGQgUm9hZCwgRGFtbWFtIFNhdWRpIEFyYWJpYRgCIAEiJgokCdyZdxZExDVAEW6C6xClwTVAGQtc_DaxlUNAIWKGKpsWlENAKAI","https://earth.google.com/web/search/Parc+Olympique+Lyonnais,+Avenue+Simone+Veil,+D%c3%a9cines-Charpieu,+France/@45.765295,4.982029,191.89409226a,813.61192187d,35y,0h,45t,0r/data=CrMBGogBEoEBCiUweDQ3ZjRjNzIyMWVkNmVmYTU6MHgyZjg5N2RkODQ0ZGZkMmMyGWplwi_14UZAIfPkmgKZ7RNAKkZQYXJjIE9seW1waXF1ZSBMeW9ubmFpcywgQXZlbnVlIFNpbW9uZSBWZWlsLCBEw6ljaW5lcy1DaGFycGlldSwgRnJhbmNlGAIgASImCiQJp2rKSO2iRUARX8jKT8WhRUAZVzaYaa-cFUAhsVZ1gKaRFUAoAg","https://earth.google.com/web/search/Tottenham+Hotspur+Stadium,+High+Road,+London/@51.6043013,-0.067845,10.26031309a,626.39849666d,35y,0h,45t,0r/data=CpcBGm0SZwolMHg0ODc2MWU5OGQ1ZDg4ZWMzOjB4NTcyZGQ2NmEwZTVmNzliZhn79OnCWc1JQCHManARzl2xvyosVG90dGVuaGFtIEhvdHNwdXIgU3RhZGl1bSwgSGlnaCBSb2FkLCBMb25kb24YAiABIiYKJAmqtfFMlrtKQBHkjRIfmLpKQBnfWAzB2EsCwCH_rUlWsmYCwCgC","https://earth.google.com/web/search/Wanda+Metropolitano,+Avenida+de+Luis+Aragon%c3%a9s,+Madrid,+Spain/@40.4361939,-3.5994674,655.17341946a,781.13612309d,35y,0h,45t,0r/data=CqcBGn0SdwokMHhkNDIyZmVhODQwMWI3ODk6MHgyNDVkMGQ2NGRhZDUwZWM0GXubozPVN0RAISwlcJC1ywzAKj1XYW5kYSBNZXRyb3BvbGl0YW5vLCBBdmVuaWRhIGRlIEx1aXMgQXJhZ29uw6lzLCBNYWRyaWQsIFNwYWluGAIgASImCiQJr4GazTQ8REARNY-Va3c5REAZOJRiK2ZPDcAhCkdeT5CIDcAoAg","https://earth.google.com/web/search/Stadio+San+Nicola,+Strada+Torrebella,+Bari,+Metropolitan+City+of+Bari,+Italy/@41.0847298,16.8401352,46.17280409a,874.52539507d,35y,0h,45t,0r/data=CrkBGo4BEocBCiUweDEzNDdlOTQxYjVlZjAxYmQ6MHg1NjM2ZmEwYjIxN2ZlYTM2GZH_E23YikRAIeo3uBkT1zBAKkxTdGFkaW8gU2FuIE5pY29sYSwgU3RyYWRhIFRvcnJlYmVsbGEsIEJhcmksIE1ldHJvcG9saXRhbiBDaXR5IG9mIEJhcmksIEl0YWx5GAIgASImCiQJ4EKCM9_3REARinQqNfP2REAZDauRyv_sKEAh8oZ9p8fmKEAoAg","https://earth.google.com/web/search/Olympiastadion+Berlin,+Olympischer+Platz,+Berlin,+Germany/@52.5146971,13.2394987,52.93407487a,612.79442443d,35y,0h,45t,0r/data=CqQBGnoSdAolMHg0N2E4NTcxZTgyZWJiNjI5OjB4Y2U1MTk0ZTYzYjBjZDM1ZBlL7DWY4UFKQCF43teSn3oqQCo5T2x5bXBpYXN0YWRpb24gQmVybGluLCBPbHltcGlzY2hlciBQbGF0eiwgQmVybGluLCBHZXJtYW55GAIgASImCiQJTeQakjUWSEAR6IQb_2EUSEAZzTz_9aMcJ0Ah-YcT5fkPJ0AoAg","https://earth.google.com/web/search/Volgograd+Arena,+%d0%bf%d1%80%d0%be%d1%81%d0%bf%d0%b5%d0%ba%d1%82+%d0%b8%d0%bc%d0%b5%d0%bd%d0%b8+%d0%92.%d0%98.+%d0%9b%d0%b5%d0%bd%d0%b8%d0%bd%d0%b0,+Volgograd,+Russia/@48.7344107,44.5485528,26.61661543a,668.40176378d,35y,0h,45t,0r/data=CsABGpUBEo4BCiUweDQxMWFjYWM2Zjg5MzU1ZDU6MHhlYzE1ODc4NjA4MTY0ZDMwGY4qeSsBXkhAIYoQaPo2RkZAKlNWb2xnb2dyYWQgQXJlbmEsINC_0YDQvtGB0L_QtdC60YIg0LjQvNC10L3QuCDQki7QmC4g0JvQtdC90LjQvdCwLCBWb2xnb2dyYWQsIFJ1c3NpYRgCIAEiJgokCaD8d9rI_E1AEf5I9Cj4-01AGfvt9WzFOT5AIRQL8DGGNj5AKAI","https://earth.google.com/web/search/Est%c3%a1dio+do+Morumbi+-+Pra%c3%a7a+Roberto+Gomes+Pedrosa+-+Morumbi,+S%c3%a3o+Paulo+-+State+of+S%c3%a3o+Paulo,+Brazil/@-23.6000888,-46.7200902,746.00237306a,958.46766999d,35y,0h,45t,0r/data=CtMBGqgBEqEBCiUweDk0Y2U1NmMzMWIxZmU2NDk6MHg3ZDEzNGY0ZGZjNjYxOGMyGSWyamufmTfAIcaVaeorXEfAKmZFc3TDoWRpbyBkbyBNb3J1bWJpIC0gUHJhw6dhIFJvYmVydG8gR29tZXMgUGVkcm9zYSAtIE1vcnVtYmksIFPDo28gUGF1bG8gLSBTdGF0ZSBvZiBTw6NvIFBhdWxvLCBCcmF6aWwYAiABIiYKJAlJbBz-fZAvwBEYuKfCHKAvwBlU2hhg3-9HwCEOKAh99_NHwCgC","https://earth.google.com/web/search/Estadio+Presidente+Per%c3%b3n,+Diego+A.+Milito,+Avellaneda,+Buenos+Aires+Province,+Argentina/@-34.667737,-58.3682195,7.26778248a,850.47379489d,35y,0h,45t,0r/data=CsUBGpoBEpMBCiUweDk1YmNjY2VjY2RkOGQ0NTU6MHhlNzcxZjAyMmMyMmE5NTRiGSGq8Gd4VUHAIe4fC9EhL03AKlhFc3RhZGlvIFByZXNpZGVudGUgUGVyw7NuLCBEaWVnbyBBLiBNaWxpdG8sIEF2ZWxsYW5lZGEsIEJ1ZW5vcyBBaXJlcyBQcm92aW5jZSwgQXJnZW50aW5hGAIgASImCiQJO4GxkQtUQcARGMIqf1dWQcAZiB5b9Q8uTcAh5U3zIfAwTcAoAg","https://earth.google.com/web/search/Stade+Adrar,+Agadir,+Morocco/@30.4274651,-9.5402782,124.61522403a,1015.29670487d,35y,0h,45t,0r/data=CoYBGlwSVgokMHhkYjNjOWRlOTc1ODc2Mzc6MHg5NjY4YWI5N2Y2NzdiYzhlGW6uUFpubT5AIcZ7H1ifFCPAKhxTdGFkZSBBZHJhciwgQWdhZGlyLCBNb3JvY2NvGAIgASImCiQJ9jAaZzj7QEARNTOd_Nz5QEAZTrubDfmLG8AhmZtdQGiWG8AoAg","https://earth.google.com/web/search/Egyptian+Army+Stadium,+Suez,+Egypt/@29.9577604,32.5412893,2.47026725a,900.71989029d,35y,0h,45t,0r/data=CowBGmISXAokMHgxNDU2MjU2M2JjNTliNDM5OjB4NzNiZTQwYTY4MjE2MmJiGWRnG8kv9T1AIV2WwPdIRUBAKiJFZ3lwdGlhbiBBcm15IFN0YWRpdW0sIFN1ZXosIEVneXB0GAIgASImCiQJnpjGO64SPkARyzdaG68PPkAZ-bm1ZBFRP0AhCOJ1rqBNP0AoAg","https://earth.google.com/web/search/Odi+Stadium,+Mabopane,+South+Africa/@-25.5216085,28.0406754,1158.04228484a,942.29463794d,35y,0h,45t,0r/data=Co4BGmQSXgolMHgxZWJmY2ViZjM1MGIzOWNkOjB4NzViZWM1MGMyM2MxMzIzOBnM0HgiiIU5wCFwwPizaQo8QCojT2RpIFN0YWRpdW0sIE1hYm9wYW5lLCBTb3V0aCBBZnJpY2EYAiABIiYKJAkVxqcr0Co6wBH0WOjGrDQ6wBk8zPar3xo8QCGHpnjMABA8QCgC","https://earth.google.com/web/search/Estadio+Jalisco,+Calle+Siete+Colinas,+Independencia,+Guadalajara,+Jalisco,+Mexico/@20.7049947,-103.3281769,1536.4620862a,1099.75308447d,35y,0h,45t,0r/data=Cr4BGpMBEowBCiUweDg0MjhiMWIwZTEwODNjZDU6MHg3N2VkMDU4MmQ1MmYzYmU1GXRaXIh6tDRAIV4zr9kA1VnAKlFFc3RhZGlvIEphbGlzY28sIENhbGxlIFNpZXRlIENvbGluYXMsIEluZGVwZW5kZW5jaWEsIEd1YWRhbGFqYXJhLCBKYWxpc2NvLCBNZXhpY28YAiABIiYKJAmFplxip1szQBFb6IXTRlMzQBkzLEjmAclYwCGok4tW8ctYwCgC","https://earth.google.com/web/search/Rose+Bowl+Stadium,+Rose+Bowl+Drive,+Pasadena,+CA,+USA/@34.1613284,-118.1676462,243.23739928a,856.16274847d,35y,0h,45t,0r/data=CqABGnYScAolMHg4MGMyYzNhNDI4YjkxNDkxOjB4NGM0ZmZkYzcxYzJhYmYyZhk_9bRophRBQCEdkyC3uopdwCo1Um9zZSBCb3dsIFN0YWRpdW0sIFJvc2UgQm93bCBEcml2ZSwgUGFzYWRlbmEsIENBLCBVU0EYAiABIiYKJAlD4tkvcQFEQBED65SGvv9DQBnS6Z91ZsBUwCGXaPfXf8FUwCgC"
Stadium Ecopa,Busan Asaid Stadium,Yizhong Sports Center,EMS Stadium,Al Janoub Stadium,Hazza bin Zayed Stadium,Marvel Stadium,King Abdul Aziz Stadium,Stade Pierre-Mauroy,Anfield,Benito Villamarin,Stadio San Paolo,Veltins-Arena,Otkrytie Arena,Mineirao,Ciudad de La Plata,Stade de Marrakech,Arab Contractors Stadium,Moses Mabhida Stadium,Estadio BBVA,Los Angeles Memorial Coliseum
50889,53800,45000,53000,45100,26000,56400,33200,50100,57100,60700,54700,62300,45400,61800,53000,45200,35000,55500,51000,93600
Shizuoka,Busan,Qingdao,Kozikode,Al-Wakrah,Al Ain,Melbourne,Mecca,Lille,Liverpool,Seville,Naples,Gelsenkirchen,Moscow,Belo Horizonte,La Plata,Marrakech,Cairo,Durban,Guadalupe,Los Angeles
"https://earth.google.com/web/search/Ecopa+Stadium,+2300-1+Aino,+Fukuroi,+Shizuoka,+Japan/@34.7434502,137.9707642,51.05525835a,951.54970267d,35y,0h,45t,0r/data=Cp4BGnQSbgokMHg2MDFhZmE2NjMxNzA4YTNiOjB4ZmFkZjRjMDRkZGFhOTgxGTKaS2ApX0FAIRVkFYAQP2FAKjRFY29wYSBTdGFkaXVtLCAyMzAwLTEgQWlubywgRnVrdXJvaSwgU2hpenVva2EsIEphcGFuGAIgASImCiQJ0TfTrgr0QUAR2IW7CcPyQUAZINRGFxZ3YUAhOPZjjLt2YUAoAg",,"https://earth.google.com/web/search/Yizhong+Sports+Club,+Ruihong+Road,+Hongkou+District,+Shanghai,+China/@31.27331868,121.47639374,30.1162a,783.17432723d,35y,78.81105174h,44.94945951t,0r/data=CrABGoUBEn8KJTB4MzViMjcxMGQyNjA4MTI4MToweGNjNGE3YWY4ZjIzMjZlMDIZiWoAJfRDP0AhLmEj_wJgXkAqRFlpemhvbmcgU3BvcnRzIENsdWIsIFJ1aWhvbmcgUm9hZCwgSG9uZ2tvdSBEaXN0cmljdCwgU2hhbmdoYWksIENoaW5hGAEgASImCiQJF5a4Wi9FP0ARMcCkGlREP0AZ2lfnrxVgXkAhTEVt575fXkA","https://earth.google.com/web/search/E+M+S+Stadium+Kozhikode+Corporation,+SK+Temple+Road,+Tazhekkod,+Kozhikode,+Kerala,+India/@11.2564456,75.7857141,6.61084807a,1173.25404379d,35y,0h,45t,0r/data=CsUBGpoBEpMBCiUweDNiYTY1OTQ3YmIwNTYyOGQ6MHgzZGM5OWE3YTNjZWNjMWMzGfxnctZMgyZAIWPgyiNJ8lJAKlhFIE0gUyBTdGFkaXVtIEtvemhpa29kZSBDb3Jwb3JhdGlvbiwgU0sgVGVtcGxlIFJvYWQsIFRhemhla2tvZCwgS296aGlrb2RlLCBLZXJhbGEsIEluZGlhGAIgASImCiQJyqC_Nar7IkARqSqZKx76IkAZgzUhFZUVU0AhKb6WeF4VU0AoAg","https://earth.google.com/web/search/Al+Wakrah+Stadium%d8%8c+Al+Wukair,+Qatar/@25.1595637,51.5740337,10.80370413a,1068.88460916d,35y,0h,45t,0r/data=Co8BGmUSXwolMHgzZTQ1Y2M1ZTc3MDJhZGJiOjB4YTE3YjhkZWVkMGQxNDJmZhn2IKkq2Sg5QCGkJrDveclJQCokQWwgV2FrcmFoIFN0YWRpdW3YjCBBbCBXdWthaXIsIFFhdGFyGAIgASImCiQJphDjxeunOUARjTBLUQelOUAZsGHexVS_SUAhFyzTs_69SUAoAg","https://earth.google.com/web/search/Hazza+Bin+Zayed+Stadium+-+Abu+Dhabi+-+United+Arab+Emirates/@24.2450328,55.7170787,266.10899228a,1077.72175396d,35y,0h,45t,0r/data=CqUBGnsSdQolMHgzZThhYjNjZDk2MjhhMmM1OjB4N2JlMjMzY2FkNjhlYmQ4YhmDcjZ4uj44QCE_lB48ydtLQCo6SGF6emEgQmluIFpheWVkIFN0YWRpdW0gLSBBYnUgRGhhYmkgLSBVbml0ZWQgQXJhYiBFbWlyYXRlcxgCIAEiJgokCbCU99m6dzhAET8ggmszbzhAGbVuUzYMNEtAIRiNHsXZL0tAKAI","https://earth.google.com/web/search/Marvel+Stadium,+Bourke+Street,+Docklands+VIC,+Australia/@-37.8165647,144.9475055,8.465463a,918.54358018d,35y,0h,45t,0r/data=CqEBGncScQokMHg2YWQ2NWQ0NTJiOTdjMWVmOjB4ZjA0NTY3NjA1MzJkOWYwGbbILDGF6ELAIffoDfdRHmJAKjdNYXJ2ZWwgU3RhZGl1bSwgQm91cmtlIFN0cmVldCwgRG9ja2xhbmRzIFZJQywgQXVzdHJhbGlhGAIgASImCiQJ1NwT6bjyP8ARbh0vXgf1P8AZaUX3YSz5XEAhV-Q4spz4XEAoAg","https://earth.google.com/web/search/Kral+Abd%c3%bclaziz+Stadyumu,+As+Sail+Road,+Mecca+Saudi+Arabia/@21.4819231,39.9724963,393.65491635a,974.96009568d,35y,0h,45t,0r/data=CqUBGnsSdQolMHgxNWMxZmZmYWQ1NGYzMTFiOjB4ZjE2ODRiZjQwYTI4NzU2Mxnbr_FPX3s1QCGR_T3CevxDQCo6S3JhbCBBYmTDvGxheml6IFN0YWR5dW11LCBBcyBTYWlsIFJvYWQsIE1lY2NhIFNhdWRpIEFyYWJpYRgCIAEiJgokCa0dqApibjpAEep07qFXazpAGe9PG5a7D0lAIXz0j6QHDklAKAI","https://earth.google.com/web/search/Stade+Pierre+Mauroy,+Boulevard+de+Tournai,+Villeneuve-d%27Ascq,+France/@50.6119667,3.1304899,33.75126794a,733.60332706d,35y,0h,45t,0r/data=CrABGoUBEn8KJTB4NDdjMmQ2NDY3YTE1OGQ2OToweDExMWQ2YTNiMWNmNDIwMWEZ2l7B7FROSUAhnqrnST4LCUAqRFN0YWRlIFBpZXJyZSBNYXVyb3ksIEJvdWxldmFyZCBkZSBUb3VybmFpLCBWaWxsZW5ldXZlLWQnQXNjcSwgRnJhbmNlGAIgASImCiQJnlxT1zniRkARA5W4ntLgRkAZU3YGMCjxE0AhlsgtqrLkE0AoAg","https://earth.google.com/web/search/Anfield,+Anfield+Road,+Anfield,+Liverpool/@53.4308294,-2.96083,55.94781883a,598.97716149d,35y,0h,45t,0r/data=CpQBGmoSZAolMHg0ODdiMjE2NTRiMDI1MzhiOjB4ODQ1NzZhNTdlMjE5NzNmZhnhk_NqJbdKQCEdIJijx68HwCopQW5maWVsZCwgQW5maWVsZCBSb2FkLCBBbmZpZWxkLCBMaXZlcnBvb2wYAiABIiYKJAlXCKj2ss1JQBEuELLeqMxJQBkg0_kiPUmuvyFgs__kLnuyvygC","https://earth.google.com/web/search/Benito+Villamar%c3%adn+Stadium,+Av+de+Heli%c3%b3polis,+Seville,+Spain/@37.3565037,-5.9817521,5.https://earth.google.com/web/search/Llu%c3%ads+Companys+Olympic+Stadium,+Passeig+Ol%c3%admpic,+Barcelona,+Spain/@41.3647481,2.1556704,84.43558224a,769.23757485d,35y,0h,45t,0r/data=Cq8BGoQBEn4KJTB4MTJhNGEyNmRlMjQ2ODY5MzoweDU3M2U3MDliYWE0OWMyMGMZmmPUELCuREAhVKRnH9A-AUAqQ0xsdcOtcyBDb21wYW55cyBPbHltcGljIFN0YWRpdW0sIFBhc3NlaWcgT2zDrW1waWMsIEJhcmNlbG9uYSwgU3BhaW4YAiABIiYKJAllooxCLK5CQBFQIGW_6qxCQBnMWYE7sukXwCFESZ0xcvQXwCgC37480302a,819.16758684d,35y,0h,45t,0r/data=CqcBGn0SdwokMHhkMTI2ZTdmMDNkODMwOWY6MHg1YzgxMzE4MmU2ZGI5NTU1GZUzyumhrUJAIQYeKWxQ7RfAKj1CZW5pdG8gVmlsbGFtYXLDrW4gU3RhZGl1bSwgQXYgZGUgSGVsacOzcG9saXMsIFNldmlsbGUsIFNwYWluGAIgASImCiQJf3B5fWA3REARSJ3PAaI0REAZWjdlzyOPDcAhWNFmRRbJDcAoAg",,"https://earth.google.com/web/search/VELTINS-Arena,+Rudi-Assauer-Platz,+Gelsenkirchen,+Germany/@51.5546309,7.0675262,82.89491744a,627.13699314d,35y,0h,45t,0r/data=CqQBGnoSdAolMHg0N2I4ZTYwYTFjZjY1MDA5OjB4ZGZjZTVhZmY2NGZkYmY3MhnvbDQl_sZJQCEcfpKWJUUcQCo5VkVMVElOUy1BcmVuYSwgUnVkaS1Bc3NhdWVyLVBsYXR6LCBHZWxzZW5raXJjaGVuLCBHZXJtYW55GAIgASImCiQJl0lUqDlCSkARMUYD3x1BSkAZGS0mF7l_KkAhTNvPzXZ4KkAoAg","https://earth.google.com/web/search/Otkrytie+Arena,+Volokolamskoye+Shosse,+Moscow,+Russia/@55.817711,37.440214,131.9462459a,562.41347233d,35y,0h,45t,0r/data=CqABGnYScAolMHg0NmI1NDg3OWZiNDljNzkzOjB4ZmMzYjBkNjNiZmJjYzUzMhkrSgnBquhLQCHknq7uWLhCQCo1T3Rrcnl0aWUgQXJlbmEsIFZvbG9rb2xhbXNrb3llIFNob3NzZSwgTW9zY293LCBSdXNzaWEYAiABIiYKJAnmsQW9Q15IQBFfiKlial1IQBlB6lrh_EZGQCH2Vb0iWUVGQCgC","https://earth.google.com/web/search/Mineir%c3%a3o+-+Avenida+Ant%c3%b4nio+Abrah%c3%a3o+Caram+-+S%c3%a3o+Jos%c3%a9,+Belo+Horizonte+-+State+of+Minas+Gerais,+Brazil/@-19.865867,-43.9711315,845.80213223a,986.57927749d,35y,0h,45t,0r/data=CtMBGqgBEqEBCiMweGE2OTBmNzEzNDhmZjZkOjB4MzViOTQ1MzI0MmQyNzU4OBmFr691qd0zwCHGTngJTvxFwCpoTWluZWlyw6NvIC0gQXZlbmlkYSBBbnTDtG5pbyBBYnJhaMOjbyBDYXJhbSAtIFPDo28gSm9zw6ksIEJlbG8gSG9yaXpvbnRlIC0gU3RhdGUgb2YgTWluYXMgR2VyYWlzLCBCcmF6aWwYAiABIiYKJAkoV9qHh5c3wBGuP0ZXlp03wBmHVpiME1xHwCHM9hfzCV9HwCgC","https://earth.google.com/web/search/Stade+Ciudad+de+La+Plata,+Avenida+25,+La+Plata,+Buenos+Aires+Province,+Argentina/@-34.9137939,-57.9891083,4.75638819a,847.68548069d,35y,0h,45t,0r/data=Cr0BGpIBEosBCiUweDk1YTJlNzk2YzM1YmE3N2Y6MHhmYTU0NmM2ZWM4ZmRmZDk2GWTk0TL3dEHAIeBZzBmb_kzAKlBTdGFkZSBDaXVkYWQgZGUgTGEgUGxhdGEsIEF2ZW5pZGEgMjUsIExhIFBsYXRhLCBCdWVub3MgQWlyZXMgUHJvdmluY2UsIEFyZ2VudGluYRgCIAEiJgokCV0ZXyb_VEHAEWXMA11lVkHAGciK9PkBLk3AISHquJe0L03AKAI","https://earth.google.com/web/search/Stade+de+Marrakech,+N9,+Ouahat+Sidi+Brahim,+Morocco/@31.7069796,-7.9803495,402.54290445a,1000.17234276d,35y,0h,45t,0r/data=Cp0BGnMSbQokMHhkYWZlZDcyYzUwYjdlOGQ6MHg0MDE2YTBlM2M3NDA1ZTRjGWzwdJ38tD9AIY2ZRL3g6x_AKjNTdGFkZSBkZSBNYXJyYWtlY2gsIE45LCBPdWFoYXQgU2lkaSBCcmFoaW0sIE1vcm9jY28YAiABIiYKJAntGyBuiqE_QBEGeqCGnJ0_QBljeZkCXwMgwCGQ8Fr4yQ0gwCgC","https://earth.google.com/web/search/Arab+Contractors+Stadium,+Al+Abageyah,+Qesm+Al+Khalifah%d8%8c+Egypt/@30.0512275,31.2970601,99.27095318a,899.78236809d,35y,0h,45t,0r/data=CqsBGoABEnoKJTB4MTQ1ODNmMGY5YzdkOTg0NzoweGEzZTBmODMzYjRiMGYxY2MZ5SfVPh0NPkAhTXJ2IQxMP0AqP0FyYWIgQ29udHJhY3RvcnMgU3RhZGl1bSwgQWwgQWJhZ2V5YWgsIFFlc20gQWwgS2hhbGlmYWjYjCBFZ3lwdBgCIAEiJgokCVDlyRI79j1AERCHzCiH8z1AGRm1kTM7RkBAIcYN4yTMREBAKAI","https://earth.google.com/web/search/Moses+Mabhida+Stadium,+Isaiah+Ntshangase+Rd,+Stamford+Hill,+Durban,+South+Africa/@-29.8289571,31.0303869,67.64056021a,902.00778491d,35y,0h,45t,0r/data=Cr0BGpIBEosBCiUweDFlZjcwNzc4NzIwZWUyOTk6MHgzY2I4NWUxNzNmNDRiNTlhGXlJUog21D3AIRG6lW_HBz9AKlBNb3NlcyBNYWJoaWRhIFN0YWRpdW0sIElzYWlhaCBOdHNoYW5nYXNlIFJkLCBTdGFtZm9yZCBIaWxsLCBEdXJiYW4sIFNvdXRoIEFmcmljYRgCIAEiJgokCenrkv7i4DvAESqt-u5f6TvAGficXU0HtjpAIbIa41KFrDpAKAI","https://earth.google.com/web/search/Estadio+BBVA+Bancomer,+Avenida+Pablo+Livas,+La+Pastora,+Guadalupe,+Nuevo+Leon,+Mexico/@25.6691181,-100.2445002,494.69921783a,1054.88012004d,35y,0h,45t,0r/data=CsIBGpcBEpABCiUweDg2NjJjMDE5ZjdhNGM4ZDc6MHhiZjQ3OGRjMGMyYzU5NDRkGWKp5FJLqzlAIWO3KuSlD1nAKlVFc3RhZGlvIEJCVkEgQmFuY29tZXIsIEF2ZW5pZGEgUGFibG8gTGl2YXMsIExhIFBhc3RvcmEsIEd1YWRhbHVwZSwgTnVldm8gTGVvbiwgTWV4aWNvGAIgASImCiQJAcVvf3a0NEARiSK7jpyrNEAZfGLyIMPUWcAhB7bctN_WWcAoAg","https://earth.google.com/web/search/Los+Angeles+Memorial+Coliseum,+Figueroa+Street,+Los+Angeles,+CA,+USA/@34.0140526,-118.2878754,40.97215427a,857.80460912d,35y,0h,45t,0r/data=CrABGoUBEn8KJTB4ODBjMmM4MDdkNzRlNjdmYjoweDU0Y2YwYTcwZDU5NDNkMzYZPrbAecwBQUAhqhTxjGySXcAqRExvcyBBbmdlbGVzIE1lbW9yaWFsIENvbGlzZXVtLCBGaWd1ZXJvYSBTdHJlZXQsIExvcyBBbmdlbGVzLCBDQSwgVVNBGAIgASImCiQJY7tMLioVQUAROm1pZ2ETQUAZrin37IWKXcAhoen9B5eLXcAoAg"
Ajinomoto Stadium,Ulsan Munsu Stadium,Hangzhou Sports Park,Birsa Munda Stadium,Doha Port Stadium,Sharjah Stadium,Adelaide Oval,Prince Abdullah Al Faisal Stadium,Parc De Princes,Emirates Stadium,Lluis Companys ,Stadio Artemio Franchi,Mercedes-Benz Arena,Kazan Arena,Arena do Gremio,Libertadores de America,Fez Stadium,30 June Stadium,Mmabatho Stadium,Estadio Cuauhtemoc,Sanford Stadium
50100,44100,80000,40000,45000,18600,53600,27000,48600,60700,60700,43200,60500,45100,60600,50400,45000,30000,60000,51700,92700
Chofu,Ulsan,Hangzhou,Indarwa,Doha,Sharjah,Adelaide,Jeddah,Paris,London,Barcelona,Florence,Stuttgart,Kazan,Porto Alegre,Buenos Aires,Fez,Cairo,Mahikeng,Puebla,Athens (Georgia)
"https://earth.google.com/web/search/Ajinomoto+Stadium,+376-3+Nishimachi,+Chofu,+Tokyo,+Japan/@35.6642759,139.5271337,327.14827794a,939.65055204d,35y,0h,45t,0r/data=CqMBGnkScwolMHg2MDE4ZTU1NGRmNGZlYmRkOjB4MTRlNTIxZjBkOGE5ODQ5ZRmvAiH-BtVBQCHTQ35H3nBhQCo4QWppbm9tb3RvIFN0YWRpdW0sIDM3Ni0zIE5pc2hpbWFjaGksIENob2Z1LCBUb2t5bywgSmFwYW4YAiABIiYKJAlPTw1Vi19BQBHMaZiAkl5BQBmL0zNQLT9hQCHOJQffyz5hQCgC","https://earth.google.com/web/search/Ulsan+Munsu+Football+Stadium,+Munsu-ro,+Ok-dong,+Nam-gu,+Ulsan,+South+Korea/@35.5352422,129.2595839,38.13708134a,946.32206218d,35y,0h,45t,0r/data=CrcBGowBEoUBCiQweDM1NjYyZDk1NDA0YjZkNDM6MHhkMDVjOTQ2MDdiZTVmMWQZNDgA0YLEQUAhLiLlgk4oYEAqS1Vsc2FuIE11bnN1IEZvb3RiYWxsIFN0YWRpdW0sIE11bnN1LXJvLCBPay1kb25nLCBOYW0tZ3UsIFVsc2FuLCBTb3V0aCBLb3JlYRgCIAEiJgokCU6uoP2f6kFAETWNc74y6UFAGT4VMVM2FmBAIdcNqcPEFWBAKAI","https://earth.google.com/web/search/Hangzhou+Sports+Park+Stadium,+Aoyun+Road,+Binjiang+District,+Hangzhou,+Zhejiang,+China/@30.2317602,120.22374272,9.56081654a,1212.90240929d,35y,-96.63481407h,45.00124178t,0r/data=CsMBGpgBEpEBCiUweDM0NGM5Y2JkZWYyZGE1MTE6MHhhNTE3OTQ2MTg4NWIxYjdlGSnMe5xpOj5AIdgLBWwHD15AKlZIYW5nemhvdSBTcG9ydHMgUGFyayBTdGFkaXVtLCBBb3l1biBSb2FkLCBCaW5qaWFuZyBEaXN0cmljdCwgSGFuZ3pob3UsIFpoZWppYW5nLCBDaGluYRgBIAEiJgokCSsc8Vb9Rj9AETlePsB0RT9AGRaY3HjoXl5AIdikvRRNXl5A","https://earth.google.com/web/search/Birsa+Munda+Athletics+Stadium,+Khelgaon,+Ranchi,+Jharkhand,+India/@23.3777393,85.3879765,616.31663841a,1088.91049803d,35y,0h,45t,0r/data=Cq0BGoIBEnwKJTB4MzlmNGUzYTRmYjBmYWUxMToweDJkYjQ3MTdjZWViNGMwOTIZ9-nThbNgN0Ahdcdim9RYVUAqQUJpcnNhIE11bmRhIEF0aGxldGljcyBTdGFkaXVtLCBLaGVsZ2FvbiwgUmFuY2hpLCBKaGFya2hhbmQsIEluZGlhGAIgASImCiQJdSAj7y61PEAR2fJeBH6PPEAZi4p3WM9XU0Ah5dPULEFNU0AoAg","https://earth.google.com/web/search/Doha+Port+Stadium,+Doha,+Qatar/@25.2890192,51.5662608,2.28405613a,1067.61009973d,35y,0h,45t,0r/data=CogBGl4SWAokMHgzZTQ1YzVhMjYxOTFiZDY1OjB4NTNkY2JmZDBkYmY1MTRmGYTqiyn9STlAId6A4Dt7yElAKh5Eb2hhIFBvcnQgU3RhZGl1bSwgRG9oYSwgUWF0YXIYAiABIiYKJAmR6Ddmzik5QBHA0T_79CY5QBl8RCR9hspJQCErxG_38chJQCgC","https://earth.google.com/web/search/Sharjah+Stadium+-+Sharjah+-+United+Arab+Emirates/@25.3331803,55.4195907,7.22934842a,1067.1739962d,35y,0h,45t,0r/data=CpsBGnESawolMHgzZTVmNTk0NmFjNjY0NDkxOjB4NzYwMzg4MjRhN2NjZWJhNRnlK9xNS1U5QCFWGucltbVLQCowU2hhcmphaCBTdGFkaXVtIC0gU2hhcmphaCAtIFVuaXRlZCBBcmFiIEVtaXJhdGVzGAIgASImCiQJpwrlxEs_OEAR2DszAdo7OEAZLG4rCqTcS0Ah-k-5HiHbS0AoAg","https://earth.google.com/web/search/Adelaide+Oval,+War+Memorial+Drive,+North+Adelaide+SA,+Australia/@-34.9155163,138.5961146,185.78199934a,957.33363261d,35y,0h,45t,0r/data=CqsBGoABEnoKJTB4NmFiMGM4ZDRkNDE3MjYxNzoweGZhMjM4MmFmNGFmOGUyMzcZO7pboy91QcAhYfXsXhNTYUAqP0FkZWxhaWRlIE92YWwsIFdhciBNZW1vcmlhbCBEcml2ZSwgTm9ydGggQWRlbGFpZGUgU0EsIEF1c3RyYWxpYRgCIAEiJgokCTJEAUQZ6ELAEWIVOpVa6ULAGWavUrGPHmJAIbFIAIIyHmJAKAI","https://earth.google.com/web/search/Prince+Abdullah+Al+Faisal+Stadium,+Jeddah+Saudi+Arabia/@21.446592,39.251668,32.57356036a,975.22311288d,35y,0h,45t,0r/data=CqEBGncScQolMHgxNWMzY2MwZWQxZWMyNDQzOjB4N2U2ZDQ3NjJjY2IwMmU1ORm9p3LaU3I1QCGQuTKoNqBDQCo2UHJpbmNlIEFiZHVsbGFoIEFsIEZhaXNhbCBTdGFkaXVtLCBKZWRkYWggU2F1ZGkgQXJhYmlhGAIgASImCiQJqKetkFJ8NUARYoskLWZ3NUAZm_s_dxr9Q0AhmAqtv3L6Q0AoAg","https://earth.google.com/web/search/Parc+des+princes,+rue+du+Commandant-Guilbaud,+Paris,+France/@48.8414356,2.2530487,33.24702847a,763.37899157d,35y,0h,45t,0r/data=CqYBGnwSdgolMHg0N2U2N2FjMDk5NDhhMThkOjB4ZGQyNDUwNDA2Y2VmMmM1YxlW2GcptGtIQCHOXJZlPgYCQCo7UGFyYyBkZXMgcHJpbmNlcywgcnVlIGR1IENvbW1hbmRhbnQtR3VpbGJhdWQsIFBhcmlzLCBGcmFuY2UYAiABIiYKJAn6pettqE5JQBGHpHyim01JQBmFOoSf0hIJQCENSe7cM_sIQCgC","https://earth.google.com/web/search/Emirates+Stadium,+Hornsey+Road,+London/@51.5548885,-0.108438,27.91910052a,627.13316416d,35y,0h,45t,0r/data=CpEBGmcSYQolMHg0ODc2MWI3NjQ1Mjk1ZTNiOjB4MzYwMDcxM2M4MzgyY2Y5MBmXNhyWBsdJQCEdxqS_l8K7vyomRW1pcmF0ZXMgU3RhZGl1bSwgSG9ybnNleSBSb2FkLCBMb25kb24YAiABIiYKJAlxHTZsd7dKQBHa-puvYLZKQBnKVSfjvKYHwCGO53avFsQHwCgC","https://earth.google.com/web/search/Llu%c3%ads+Companys+Olympic+Stadium,+Passeig+Ol%c3%admpic,+Barcelona,+Spain/@41.3647481,2.1556704,84.43558224a,769.23757485d,35y,0h,45t,0r/data=Cq8BGoQBEn4KJTB4MTJhNGEyNmRlMjQ2ODY5MzoweDU3M2U3MDliYWE0OWMyMGMZmmPUELCuREAhVKRnH9A-AUAqQ0xsdcOtcyBDb21wYW55cyBPbHltcGljIFN0YWRpdW0sIFBhc3NlaWcgT2zDrW1waWMsIEJhcmNlbG9uYSwgU3BhaW4YAiABIiYKJAllooxCLK5CQBFQIGW_6qxCQBnMWYE7sukXwCFESZ0xcvQXwCgC","https://earth.google.com/web/search/Stadio+Artemio+Franchi,+Viale+Manfredo+Fanti,+Florence,+Metropolitan+City+of+Florence,+Italy/@43.7808349,11.2825717,47.47302206a,834.05483523d,35y,0h,45t,0r/data=CskBGp4BEpcBCiUweDEzMmE1NDY5MTIyY2Y2YTk6MHhhMzY2NDNhYmRmM2JhM2U3GaeJ42Xy40VAId2M5DytkCZAKlxTdGFkaW8gQXJ0ZW1pbyBGcmFuY2hpLCBWaWFsZSBNYW5mcmVkbyBGYW50aSwgRmxvcmVuY2UsIE1ldHJvcG9saXRhbiBDaXR5IG9mIEZsb3JlbmNlLCBJdGFseRgCIAEiJgokCcgTUKM6i0RAEcNWGQ_4iURAGasKmGgF2TBAIW8W4-Yn1jBAKAI","https://earth.google.com/web/search/Mercedes-Benz+Arena,+Mercedesstra%c3%9fe,+Stuttgart,+Germany/@48.7922577,9.23208,217.89044606a,667.56899408d,35y,0h,45t,0r/data=CqMBGnkScwolMHg0Nzk5YzRmZDkyYmQ1ZjA5OjB4MThiYzU5YzdiZjUzOTg0MxmJwEezaGVIQCGCHJQw03YiQCo4TWVyY2VkZXMtQmVueiBBcmVuYSwgTWVyY2VkZXNzdHJhw59lLCBTdHV0dGdhcnQsIEdlcm1hbnkYAiABIiYKJAm5WY97RMdJQBFH25_hMsZJQBnIR6Ydqk4cQCH0M73ko0AcQCgC","https://earth.google.com/web/search/Kazan%60+Arena,+Prospekt+Khusaina+Yamasheva,+Kazan,+Russia/@55.821002,49.1608481,59.00113022a,562.36252422d,35y,0h,45t,0r/data=CqMBGnkScwolMHg0MTVlYjJhMzc5N2NlYTI1OjB4M2JiZDZlZWE2NmI4YThiNBmt-fGXFulLQCHWj6irlpRIQCo4S2F6YW5gIEFyZW5hLCBQcm9zcGVrdCBLaHVzYWluYSBZYW1hc2hldmEsIEthemFuLCBSdXNzaWEYAiABIiYKJAkUslPsHOlLQBFJCJf4-udLQBndzq2OxblCQCGE1K_mArhCQCgC","https://earth.google.com/web/search/Arena+do+Gr%c3%aamio+-+Avenida+Padre+Leopoldo+Brentano+-+Farrapos,+Porto+Alegre+-+RS,+Brazil/@-29.9739628,-51.1948838,-420a,900.55754976d,35y,0h,45t,0r/data=CsQBGpkBEpIBCiQweDk1MTk3OWFiYTEyN2JkNGQ6MHgyNDczZWU1ZWYzYTZkMjMZRYVFoFX5PcAhlsLN8_GYScAqWEFyZW5hIGRvIEdyw6ptaW8gLSBBdmVuaWRhIFBhZHJlIExlb3BvbGRvIEJyZW50YW5vIC0gRmFycmFwb3MsIFBvcnRvIEFsZWdyZSAtIFJTLCBCcmF6aWwYAiABIiYKJAlueqp0KtgzwBEiN7it0t4zwBmvXxagWvlFwCFZi2sR4_xFwCgC","https://earth.google.com/web/search/Estadio+Libertadores+de+Am%c3%a9rica,+Ricardo+Enrique+Bochini,+Avellaneda,+Buenos+Aires+Province,+Argentina/@-34.6702197,-58.3713407,5.99303566a,850.44573951d,35y,0h,45t,0r/data=CtMBGqgBEqEBCiQweDk1YTMzMzRiMzlkMzNiZGQ6MHhkYjlhNTM0Y2M1NjNmYTcZRVFWwslVQcAhPRaRF4gvTcAqZ0VzdGFkaW8gTGliZXJ0YWRvcmVzIGRlIEFtw6lyaWNhLCBSaWNhcmRvIEVucmlxdWUgQm9jaGluaSwgQXZlbGxhbmVkYSwgQnVlbm9zIEFpcmVzIFByb3ZpbmNlLCBBcmdlbnRpbmEYAiABIiYKJAlGGDt_fnRBwBEu7caq4XVBwBmVn5qECP5MwCEyc3yZuP9MwCgC","https://earth.google.com/web/search/stadium+near+Fez,+Morocco/@34.0027867,-4.9688921,468.18146019a,971.75904281d,35y,0h,45t,0r/data=CoMBGlkSUwokMHhkOWY4ZGY0NzM4MGExYWQ6MHhjNTQ4ZDNhY2NmMTEwMjU5GZCuiFBbAEFAITppK0Al4BPAKhlzdGFkaXVtIG5lYXIgRmV6LCBNb3JvY2NvGAIgASImCiQJsT-nFGUCQUARLfIhX8T9QEAZztjOnDm2E8AhhVd7jifxE8AoAg","https://earth.google.com/web/search/30+June+Stadium,+El-Moshir+Tantawy+Axis,+Al+Hay+Al+Asher,+Nasr+City,+Egypt/@30.019611,31.3733037,202.19555759a,900.09977508d,35y,0h,45t,0r/data=CrcBGowBEoUBCiUweDE0NTgzYzNlNTE3MWU3YzE6MHg5NTFlZDU4N2Y2NTM3NTE4GVCk-zkFBT5AIc35ztSQXz9AKkozMCBKdW5lIFN0YWRpdW0sIEVsLU1vc2hpciBUYW50YXd5IEF4aXMsIEFsIEhheSBBbCBBc2hlciwgTmFzciBDaXR5LCBFZ3lwdBgCIAEiJgokCahV6LAfDj5AEe2V33PZCj5AGWuFE3EaTT9AIcfjTUZYST9AKAI","https://earth.google.com/web/search/Mmabatho+Stadium,+Lucas+Mangope+Highway,+Montshiwa+Unit+2,+Mahikeng,+South+Africa/@-25.8311012,25.6168277,1281.19038461a,939.58393104d,35y,0h,45t,0r/data=Cr4BGpMBEowBCiUweDFlYTJjYjBhZGVlNGUyNjE6MHg3ZTQ3MjAwMGFhYjViNmI2GZaqWQzD1DnAIVPEjmvonTlAKlFNbWFiYXRobyBTdGFkaXVtLCBMdWNhcyBNYW5nb3BlIEhpZ2h3YXksIE1vbnRzaGl3YSBVbml0IDIsIE1haGlrZW5nLCBTb3V0aCBBZnJpY2EYAiABIiYKJAnExzyiM9M9wBHvVCLNb9Y9wBkOhwy5XQo_QCF7Xsi2pQY_QCgC","https://earth.google.com/web/search/Estadio+Cuauht%c3%a9moc,+Calzada+Ignacio+Zaragoza,+Parque+Industrial+Puebla+2000,+Puebla,+Mexico/@19.0778495,-98.1644104,2219.26753905a,1112.53248383d,35y,0h,45t,0r/data=CskBGp4BEpcBCiUweDg1Y2ZjMWJkN2MwYjYyMjc6MHgyNDNkMmYxZGNlYjIyMmI3GYyC4PHtEzNAIdPHMrOFiljAKlxFc3RhZGlvIEN1YXVodMOpbW9jLCBDYWx6YWRhIElnbmFjaW8gWmFyYWdvemEsIFBhcnF1ZSBJbmR1c3RyaWFsIFB1ZWJsYSAyMDAwLCBQdWVibGEsIE1leGljbxgCIAEiJgokCbZOdF0wrDlAEUrremdHqDlAGaqQ0KZ-D1nAIXtCxe3KEFnAKAI","https://earth.google.com/web/search/Sanford+Stadium,+Sanford+Drive,+Athens,+GA,+USA/@33.9498405,-83.3734283,4474.40176833a,858.5186694d,35y,0h,45t,0r/data=CpoBGnASagolMHg4OGY2NmNlM2QzOWFkMjFkOjB4ZTQ1NTQ3MTI3MTdjMTVhMxlJ9Z1flPlAQCGo-c8_5tdUwCovU2FuZm9yZCBTdGFkaXVtLCBTYW5mb3JkIERyaXZlLCBBdGhlbnMsIEdBLCBVU0EYAiABIiYKJAkC0VytQgJBQBHV2oOq2gBBQBn582tO2JFdwCGajRCkr5JdwCgC"
Miyagi Stadium,Goyang Stadium,People's Stadium,Baichung Stadium,Al Thumama Stadium,Maktoum bin Rahas Al Maktoum Stadium,Suncorp Stadium,Mrsool Park,Matmut Atlantique,Elland Road,San Mames,Allianz Stadium,Volksparkstadion,Cosmos Arena,Estadio do Arruda,Estadio Jose Amalfitani,Stade Ibn Batouta,Al-Salam Stadium,Cape Town Stadium,Estadio Akron,Cotton Bowl 
49130,41300,55900,30000,40000,18000,52500,25000,42100,37900,53300,41600,57000,44900,60000,49600,65000,30000,58300,48100,92200
Rifu,Goyang,Dalian,Namchi,Doha,Dubai,Brisbane,Riyadh,Bordeaux,Leeds,Bilbao,Turin,Hamburg,Samara,Recife,Buenos Aires,Tangier,Cairo,Cape Town,Zapopan,Dallas
"https://earth.google.com/web/search/Miyagi+Stadium+(Tokyo+2020),+Tate-40-1+Sugaya,+Rifu,+Miyagi,+Japan/@38.3354303,140.9505668,55.3400976a,908.55755856d,35y,0h,45t,0r/data=Cq4BGoMBEn0KJTB4NWY4YTI4MjkyYzNhYTc5YjoweGE4MzVkYmFjNzU1YzY1MWUZMktMYe8qQ0AhOtUQC2ueYUAqQk1peWFnaSBTdGFkaXVtIChUb2t5byAyMDIwKSwgVGF0ZS00MC0xIFN1Z2F5YSwgUmlmdSwgTWl5YWdpLCBKYXBhbhgCIAEiJgokCUngRyNo1UFAEU7972kq1EFAGct6f5L4cGFAIT8wmuiucGFAKAI","https://earth.google.com/web/search/Goyang+Stadium,+Daehwa-dong,+Ilsanseo-gu,+Goyang-si,+Gyeonggi-do,+South+Korea/@37.6763783,126.7431005,12.79260066a,917.64123677d,35y,0h,45t,0r/data=CroBGo8BEogBCiUweDM1N2M4NTdlOTI3NDZiYzk6MHhlZTE5ZWE5ZmQ5M2NjYjAyGa4ca5CT1kJAIQpJZvWOr19AKk1Hb3lhbmcgU3RhZGl1bSwgRGFlaHdhLWRvbmcsIElsc2Fuc2VvLWd1LCBHb3lhbmctc2ksIEd5ZW9uZ2dpLWRvLCBTb3V0aCBLb3JlYRgCIAEiJgokCY3Eih_gxEFAEXJDQs-uw0FAGSJmrA5vKGBAIbYlhVwkKGBAKAI","https://earth.google.com/web/search/Dalian+Sports+Center+Stadium,+Ganjingzi+District,+Dalian,+Liaoning,+China/@39.02002689,121.56110659,46.17253702a,1097.01033323d,35y,65.64818861h,28.89508555t,0r/data=CrYBGosBEoQBCiUweDM1OGY1ZWNhZmJiZDZjMDk6MHgzNzk3ZDE0NzEyMjg3NzgyGSQnE7cKgkNAIQb0HVf-Y15AKklEYWxpYW4gU3BvcnRzIENlbnRlciBTdGFkaXVtLCBHYW5qaW5nemkgRGlzdHJpY3QsIERhbGlhbiwgTGlhb25pbmcsIENoaW5hGAEgASImCiQJFhquBUU8PkAR2ocJHfY5PkAZtp70yJsOXkAhPepY6L4NXkA","https://earth.google.com/web/search/Baichung+Stadium,+Namchi,+Sikkim,+India/@27.16359305,88.35512995,1505.02726198a,1051.47373203d,35y,0h,45t,0r/data=CpEBGmcSYQokMHgzOWU0Mjc4Nzg2YTE4OGM5OjB4M2M4MWM2M2FhMmM5OTBlGb0JdNzfKTtAIZoklpS7FlZAKidCYWljaHVuZyBTdGFkaXVtLCBOYW1jaGksIFNpa2tpbSwgSW5kaWEYAiABIiYKJAnDvtgQ4mA3QBEe0RGJN1w3QBkrmk55P1lVQCH9nzwpPVhVQCgC","https://earth.google.com/web/search/Al+Thumama+Stadium,+%d8%a7%d9%84%d8%af%d9%88%d8%ad%d8%a9%d8%8c%d8%8c+Qatar/@25.2354797,51.5321228,8.06732392a,1068.13791014d,35y,0h,45t,0r/data=CpUBGmsSZQolMHgzZTQ1Y2Y4ZGQ3ODZmMWFkOjB4MmM3MzYwYjU4MDhhYzcxZRk0X8plSDw5QCFcupOZHMRJQCoqQWwgVGh1bWFtYSBTdGFkaXVtLCDYp9mE2K_ZiNit2KnYjNiMIFFhdGFyGAIgASImCiQJttFMDdtKOUARijtW605IOUAZ5QlSQ_rISUAhHPchFNvHSUAoAg","https://earth.google.com/web/search/Maktoum+bin+Rashid+Al+Maktoum+Stadium+-+Dubai+-+United+Arab+Emirates/@25.2908041,55.348313,1.04762598a,1067.59248645d,35y,0h,45t,0r/data=CrABGoUBEn8KJTB4M2U1ZjVkZmFmZGE0YjM2ZDoweGExZDlkOWYwNmNjMjM3NzIZ7wozI3JKOUAhxeI3hZWsS0AqRE1ha3RvdW0gYmluIFJhc2hpZCBBbCBNYWt0b3VtIFN0YWRpdW0gLSBEdWJhaSAtIFVuaXRlZCBBcmFiIEVtaXJhdGVzGAIgASImCiQJlD6oDTBWOUAR9M2efodTOUAZCBkShSK2S0AhsOXe2QO1S0AoAg","https://earth.google.com/web/search/Suncorp+Stadium,+Castlemaine+Street,+Milton+QLD,+Australia/@-27.464845,153.0095312,-1.42487901a,1045.3271904d,35y,0h,45t,0r/data=CqQBGnoSdAokMHg2YjkxNTBhYmVkZmU5MjBiOjB4ZjAyYTM1YmQ3MjFiNTAwGYm1-BQAdzvAIVUJYBROIGNAKjpTdW5jb3JwIFN0YWRpdW0sIENhc3RsZW1haW5lIFN0cmVldCwgTWlsdG9uIFFMRCwgQXVzdHJhbGlhGAIgASImCiQJ3oigLtJ0QcARwHdb5vl1QcAZ8rzwDjpTYUAhRHbhWvBSYUAoAg","https://earth.google.com/web/search/MRSOOL+Park+Stadium,+King+Saud+University,+Riyadh+Saudi+Arabia/@24.72896365,46.6233159,665.30807813a,949.10391467d,35y,0h,45t,0r/data=CqkBGn8SeQolMHgzZTJlZTI3OWI4ODhlOTJmOjB4YzQ4OTRjM2U2NTk0MjY2Mhntzn-0pLo4QCGGBOfn4U9HQCo-TVJTT09MIFBhcmsgU3RhZGl1bSwgS2luZyBTYXVkIFVuaXZlcnNpdHksIFJpeWFkaCBTYXVkaSBBcmFiaWEYAiABIiYKJAmo2gmtMnM1QBFMG4jCcHA1QBnMCl_mNaFDQCHJYCSmj59DQCgC","https://earth.google.com/web/search/Matmut+ATLANTIQUE,+Cours+Jules+Ladoumegue,+Bordeaux,+France/@44.8973583,-0.5615863,2.28407326a,827.41620292d,35y,0h,45t,0r/data=CqUBGnsSdQokMHhkNTUyOTA4NWMwMGUwNDE6MHhlOWE2MTQ0NDc2NWE2ZDdlGaelA6PcckZAIW82DNWD-OG_KjtNYXRtdXQgQVRMQU5USVFVRSwgQ291cnMgSnVsZXMgTGFkb3VtZWd1ZSwgQm9yZGVhdXgsIEZyYW5jZRgCIAEiJgokCXsh5IUQbEhAEciGx1xOa0hAGYgpraoiDQJAITl2FflI9gFAKAI","https://earth.google.com/web/search/Elland+Road,+Elland+Road,+Beeston,+Leeds/@53.7778162,-1.5721446,37.70667268a,593.71149759d,35y,0h,45t,0r/data=CpMBGmkSYwolMHg0ODc5NWU4YzY3NGVhZDkzOjB4Nzg0MWFmZGFmZmQwMmEyYRlFpjJ7j-NKQCH5U5kYgSf5vyooRWxsYW5kIFJvYWQsIEVsbGFuZCBSb2FkLCBCZWVzdG9uLCBMZWVkcxgCIAEiJgokCccwYexfx0lAEX4viBJNxklAGRAStFLMabm_IaDRsMxz2ry_KAI","https://earth.google.com/web/search/San+Mames+Stadium,+Bilbao,+Spain/@43.2641706,-2.9493416,1886.34343369a,744.30627612d,35y,0h,45t,0r/data=CooBGmASWgokMHhkNGU1MDMwMDQyNTllNGY6MHhkZDYzNzc0MjI0ZTM0NjQ0GUjIm1fQoUVAIcfbpWhAmAfAKiBTYW4gTWFtZXMgU3RhZGl1bSwgQmlsYmFvLCBTcGFpbhgCIAEiJgokCRO1vGQZr0RAEc6yZDCrrURAGTZjQBgPSAFAIbm_aUB1KQFAKAI","https://earth.google.com/web/search/Allianz+Stadium,+Corso+Gaetano+Scirea,+Turin,+Metropolitan+City+of+Turin,+Italy/@45.1096276,7.6412431,246.49214955a,813.47693806d,35y,0h,45t,0r/data=CrwBGpEBEooBCiUweDQ3ODg2YzE3Zjc4MTRlMzc6MHhlM2JlODA4NGE4OGQ4ZGE1GZZe9kYIjkZAIYMk_QeikB5AKk9BbGxpYW56IFN0YWRpdW0sIENvcnNvIEdhZXRhbm8gU2NpcmVhLCBUdXJpbiwgTWV0cm9wb2xpdGFuIENpdHkgb2YgVHVyaW4sIEl0YWx5GAIgASImCiQJ5wDeNE7kRUAR6CcCHhzjRUAZKAA1bGKUJkAhEu6uQOuOJkAoAg","https://earth.google.com/web/search/Volksparkstadion,+Sylvesterallee,+Hamburg,+Germany/@53.5871279,9.8986004,18.73128897a,596.60743404d,35y,0h,45t,0r/data=Cp0BGnMSbQolMHg0N2IxODVkNWUzODg0YTQxOjB4MmI5M2I0NWY3YjRkM2NlMhnaiMwBJ8tKQCFUWARaFcwjQCoyVm9sa3NwYXJrc3RhZGlvbiwgU3lsdmVzdGVyYWxsZWUsIEhhbWJ1cmcsIEdlcm1hbnkYAiABIiYKJAnLUBesr2VIQBEj1pv6NGRIQBmi78A2Z30iQCHTueraV3QiQCgC","https://earth.google.com/web/search/Solidarnost%27+Arena,+%d1%83%d0%bb%d0%b8%d1%86%d0%b0+%d0%94%d0%b5%d0%bc%d0%be%d0%ba%d1%80%d0%b0%d1%82%d0%b8%d1%87%d0%b5%d1%81%d0%ba%d0%b0%d1%8f,+Samara,+Russia/@53.2780093,50.2374508,167.11097203a,601.29069372d,35y,0h,45t,0r/data=CroBGo8BEogBCiUweDQxNjYxODRkYmQwMDQyMDM6MHhlZDgwODZiM2VhNmY5OTQyGe-9Cc-Vo0pAIVs0rslkHklAKk1Tb2xpZGFybm9zdCcgQXJlbmEsINGD0LvQuNGG0LAg0JTQtdC80L7QutGA0LDRgtC40YfQtdGB0LrQsNGPLCBTYW1hcmEsIFJ1c3NpYRgCIAEiJgokCXBjMDzI6UtAEWIfGFzF6EtAGSwQIiQclUhAIQmOHrJTk0hAKAI","https://earth.google.com/web/search/Est%c3%a1dio+do+Arruda+-+Avenida+Beberibe+-+Arruda,+Recife+-+State+of+Pernambuco,+Brazil/@-8.0266992,-34.8911112,5.37505305a,1044.96276435d,35y,0h,45t,0r/data=Cr8BGpQBEo0BCiMweDdhYjE4NDRlYjdmMGY3ZDoweDhkZWI4NWYxZjNkYTM0NhmiqH2Eqw0gwCG2jIruD3JBwCpURXN0w6FkaW8gZG8gQXJydWRhIC0gQXZlbmlkYSBCZWJlcmliZSAtIEFycnVkYSwgUmVjaWZlIC0gU3RhdGUgb2YgUGVybmFtYnVjbywgQnJhemlsGAIgASImCiQJ8iceIX73PcARhTqR_0z6PcAZ3Er18WWYScAha9n-9f-ZScAoAg","https://earth.google.com/web/search/Estadio+Jos%c3%a9+Amalfitani,+Avenida+Juan+Bautista+Justo,+Buenos+Aires,+Argentina/@-34.635406,-58.5206968,19.59204351a,850.83900018d,35y,0h,45t,0r/data=CrsBGpABEokBCiUweDk1YmNjODM4MmZiMDhhYjk6MHhlYTBjYTc4OTcyODU2YThlGVHX2vtUUUHAIeCQVzGmQk3AKk5Fc3RhZGlvIEpvc8OpIEFtYWxmaXRhbmksIEF2ZW5pZGEgSnVhbiBCYXV0aXN0YSBKdXN0bywgQnVlbm9zIEFpcmVzLCBBcmdlbnRpbmEYAiABIiYKJAk_V6lnGVVBwBHtauxbalZBwBlSQNICtC5NwCFeiboz8y9NwCgC","https://earth.google.com/web/search/Stade+Ibn+Batouta,+Tangier,+Morocco/@35.7410959,-5.8580249,75.16327807a,949.19315983d,35y,0h,45t,0r/data=Co0BGmMSXQokMHhkMGI4N2E3YjllOWI3ZTU6MHhhZDlhZGQ1ZjZkYzJjNGM4GY_Z_jrc3kFAIVudUhSebhfAKiNTdGFkZSBJYm4gQmF0b3V0YSwgVGFuZ2llciwgTW9yb2NjbxgCIAEiJgokCd_tDCrBAEFAEdSCofLM_kBAGQIa8WiszRPAITzEKEbs4hPAKAI","https://earth.google.com/web/search/Al-Salam+Stadium,+El-Nahda,+%d8%ab%d8%a7%d9%86+%d8%a7%d9%84%d8%b3%d9%84%d8%a7%d9%85%d8%8c+Egypt/@30.1744268,31.4351942,41.22721167a,898.54283186d,35y,0h,45t,0r/data=CqIBGngScgolMHgxNDU4MTA5YTBhMjNhNjgxOjB4MTUyNjJhYzZiOTdiODI2MBnCixk8pyw-QCGsaBjjaG8_QCo3QWwtU2FsYW0gU3RhZGl1bSwgRWwtTmFoZGEsINir2KfZhiDYp9mE2LPZhNin2YXYjCBFZ3lwdBgCIAEiJgokCYjJflkRBj5AEcxfy1JKAj5AGd5AwWbgYj9AITppeHuJXj9AKAI","https://earth.google.com/web/search/Cape+Town+Stadium,+Fritz+Sonnenberg+Road,+Green+Point,+Cape+Town,+South+Africa/@-33.904791,18.4098451,10.30410102a,859.01898543d,35y,0h,45t,0r/data=CrsBGpABEokBCiUweDFkY2M2NzRmMmJmNDZlMzE6MHhhN2NkM2RiMmE4NTA3NDM5GYlbBTHQ80DAIQTtxJvraDJAKk5DYXBlIFRvd24gU3RhZGl1bSwgRnJpdHogU29ubmVuYmVyZyBSb2FkLCBHcmVlbiBQb2ludCwgQ2FwZSBUb3duLCBTb3V0aCBBZnJpY2EYAiABIiYKJAm9R4Krus45wBFbFaigz9Y5wBnHBLNTv505QCE3SkeEEZU5QCgC","https://earth.google.com/web/search/Estadio+Akron,+Calle+Circuito+JVC,+El+Baj%c3%ado,+Zapopan,+Jalisco,+Mexico/@20.6817764,-103.4626455,1687.03978257a,1099.94226868d,35y,0h,45t,0r/data=CrMBGogBEoEBCiUweDg0MjhhOTM3ODk4YThlYjM6MHg1MmFkMGRiNmVlMzU2Yjg4GUMv7eWIrjRAIQ8J3_ub3VnAKkZFc3RhZGlvIEFrcm9uLCBDYWxsZSBDaXJjdWl0byBKVkMsIEVsIEJhasOtbywgWmFwb3BhbiwgSmFsaXNjbywgTWV4aWNvGAIgASImCiQJf1csHNuOREARVkqd-IeAREAZ5HdvFnNaVMAh3Td9xwdjVMAoAg","https://earth.google.com/web/search/Cotton+Bowl+Stadium,+The+Midway,+Dallas,+TX,+USA/@32.7796106,-96.7595891,132.74822987a,871.33994415d,35y,0h,45t,0r/data=CpsBGnESawolMHg4NjRlOWM2OGY1ZGRhM2U3OjB4NzY3Mzk3OTgzYTViODY4Zhm2TrdHymNAQCF6uZkbnTBYwCowQ290dG9uIEJvd2wgU3RhZGl1bSwgVGhlIE1pZHdheSwgRGFsbGFzLCBUWCwgVVNBGAIgASImCiQJMEZhajSOQ0ARycod1PwwOEAZvb3-PjT5U8AhqlIGMsTXWcAoAg"
